have_pdf,year,cites,title,authors,venue,doi,topics,file,pdf_url,landing
YES,2006,252,Detection and localization of sybil nodes in VANETs,Bin Xiao; Bo Yu; Chuanshan Gao,,10.1145/1160972.1160974,RSSI / signal-strength & PHY; Position / trajectory verification; Datasets & simulation,pdfs/2006_Xiao_Detection_and_localization_of_sybil_nodes_in_VANETs.pdf,,https://doi.org/10.1145/1160972.1160974
,2013,182,Detecting Sybil attacks in VANETs,Bo Yu; Chengzhong Xu; Bin Xiao,Journal of Parallel and Distributed Computing,10.1016/j.jpdc.2013.02.001,Other / general Sybil defence,,,https://doi.org/10.1016/j.jpdc.2013.02.001
,2011,160,P2DAP — Sybil Attacks Detection in Vehicular Ad Hoc Networks,Tong Zhou; Romit Roy Choudhury; Peng Ning; Krishnendu Chakrabarty,IEEE Journal on Selected Areas in Communications,10.1109/jsac.2011.110308,"Cryptography, PKI & pseudonyms; Datasets & simulation",,,https://doi.org/10.1109/jsac.2011.110308
YES,2011,143,Footprint: Detecting Sybil Attacks in Urban Vehicular Networks,Shan Chang; Yong Qi; Hongzi Zhu; Jizhong Zhao; Xuemin Shen,IEEE Transactions on Parallel and Distributed Systems,10.1109/tpds.2011.263,"Position / trajectory verification; Cryptography, PKI & pseudonyms; RSU / infrastructure-assisted",pdfs/2011_Chang_Footprint_Detecting_Sybil_Attacks_in_Urban_Vehicular_Networks.pdf,http://bbcr.uwaterloo.ca/~xshen/paper/2012/fdsaiu.pdf,https://doi.org/10.1109/tpds.2011.263
YES,2009,124,Defense against Sybil attack in vehicular ad hoc network based on roadside unit support,Soyoung Park; Baber Aslam; Damla Turgut; Cliff C. Zou,,10.1109/milcom.2009.5379844,"Cryptography, PKI & pseudonyms; RSU / infrastructure-assisted",pdfs/2009_Park_Defense_against_Sybil_attack_in_vehicular_ad_hoc_network_based_on_roadside_unit_support.pdf,http://www.cs.ucf.edu/~czou/research/Sybil-Vanet-Milcom09.pdf,https://doi.org/10.1109/milcom.2009.5379844
,2018,122,Multi-Channel Based Sybil Attack Detection in Vehicular Ad Hoc Networks Using RSSI,Yuan Yao; Bin Xiao; Gaofei Wu; Xue Liu; Zhiwen Yu; Kailong Zhang; Xingshe Zhou,IEEE Transactions on Mobile Computing,10.1109/tmc.2018.2833849,RSSI / signal-strength & PHY; Trust / reputation; Datasets & simulation,,,https://doi.org/10.1109/tmc.2018.2833849
YES,2007,99,On the Sybil attack detection in VANET,Gilles Guette; Bertrand Ducourthial,,10.1109/mobhoc.2007.4428742,RSSI / signal-strength & PHY,pdfs/2007_Guette_On_the_Sybil_attack_detection_in_VANET.pdf,,https://doi.org/10.1109/mobhoc.2007.4428742
,2009,98,A Robust Detection of the Sybil Attack in Urban VANETs,Chen Chen; Xin Wang; Weili Han; Binyu Zang,,10.1109/icdcsw.2009.48,RSU / infrastructure-assisted; Datasets & simulation,,,https://doi.org/10.1109/icdcsw.2009.48
YES,2018,97,On Detection of Sybil Attack in Large-Scale VANETs Using Spider-Monkey Technique,Celestine Iwendi; Mueen Uddin; James Adu Ansere; Pascal Nkurunziza; Joseph Henry Anajemba; Ali Kashif Bashir,IEEE Access,10.1109/access.2018.2864111,RSU / infrastructure-assisted,pdfs/2018_Iwendi_On_Detection_of_Sybil_Attack_in_LargeScale_VANETs_Using_SpiderMonkey_Technique.pdf,https://doi.org/10.1109/access.2018.2864111,https://doi.org/10.1109/access.2018.2864111
YES,2007,87,Privacy-Preserving Detection of Sybil Attacks in Vehicular Ad Hoc Networks,Tong Zhou; Romit Roy Choudhury; Peng Ning; Krishnendu Chakrabarty,,10.1109/mobiq.2007.4451013,"Cryptography, PKI & pseudonyms; Datasets & simulation",pdfs/2007_Zhou_PrivacyPreserving_Detection_of_Sybil_Attacks_in_Vehicular_Ad_Hoc_Networks.pdf,http://www.ee.duke.edu/~krish/TongZhou_Mobiquitous2007.pdf,https://doi.org/10.1109/mobiq.2007.4451013
YES,2016,81,A method for defensing against multi-source Sybil attacks in VANET,Xia Feng; Chunyan Li; Dexin Chen; Jin Tang,Peer-to-Peer Networking and Applications,10.1007/s12083-016-0431-x,Trust / reputation; Datasets & simulation,pdfs/2016_Feng_A_method_for_defensing_against_multisource_Sybil_attacks_in_VANET.pdf,https://link.springer.com/content/pdf/10.1007%2Fs12083-016-0431-x.pdf,https://doi.org/10.1007/s12083-016-0431-x
YES,2007,74,Sybil Nodes Detection Based on Received Signal Strength Variations within VANET,Mohamed Salah Bouassida; Gilles Guette; M. Shawky,,,RSSI / signal-strength & PHY; Position / trajectory verification; RSU / infrastructure-assisted; Datasets & simulation,pdfs/2007_Bouassida_Sybil_Nodes_Detection_Based_on_Received_Signal_Strength_Variations_within_VANET.pdf,,http://citeseerx.ist.psu.edu/viewdoc/summary?doi=10.1.1.186.3036
YES,2022,65,Collaborative Learning Based Sybil Attack Detection in Vehicular AD-HOC Networks (VANETS),Sofia Azam; Maryum Bibi; Rabia Riaz; Sanam Shahla Rizvi; Se Jin Kwon,Sensors,10.3390/s22186934,Machine learning / deep learning,pdfs/2022_Azam_Collaborative_Learning_Based_Sybil_Attack_Detection_in_Vehicular_ADHOC_Networks_VANETS.pdf,https://www.mdpi.com/1424-8220/22/18/6934/pdf?version=1663136026,https://doi.org/10.3390/s22186934
,2019,62,Power Control Identification: A Novel Sybil Attack Detection Scheme in VANETs Using RSSI,Yuan Yao; Bin Xiao; Gang Yang; Yujiao Hu; Liang Wang; Xingshe Zhou,IEEE Journal on Selected Areas in Communications,10.1109/jsac.2019.2933888,RSSI / signal-strength & PHY; Position / trajectory verification; Machine learning / deep learning; Datasets & simulation,,,https://doi.org/10.1109/jsac.2019.2933888
,2020,59,Sybil Attack Identification for Crowdsourced Navigation: A Self-Supervised Deep Learning Approach,James J. Q. Yu,IEEE Transactions on Intelligent Transportation Systems,10.1109/tits.2020.3036085,Position / trajectory verification; Machine learning / deep learning; Datasets & simulation,,,https://doi.org/10.1109/tits.2020.3036085
,2011,55,A sybil attack detection approach using neighboring vehicles in VANET,Jyoti Grover; Manoj Singh Gaur; Vijay Laxmi; Nitesh Kumar Prajapati,,10.1145/2070425.2070450,Other / general Sybil defence,,,https://doi.org/10.1145/2070425.2070450
YES,2019,54,A Macroscopic Traffic Model-based Approach for Sybil Attack Detection in VANETs,Marwane Ayaida; Nadhir Messai; Sameh Najeh; Kouame Boris N'Djore,Ad Hoc Networks,10.1016/j.adhoc.2019.01.010,Other / general Sybil defence,pdfs/2019_Ayaida_A_Macroscopic_Traffic_Modelbased_Approach_for_Sybil_Attack_Detection_in_VANETs.pdf,https://hal.science/hal-02189913,https://doi.org/10.1016/j.adhoc.2019.01.010
,2011,54,Cooperative Sybil Attack Detection for Position Based Applications in Privacy Preserved VANETs,Yong Hao; Jin Tang; Yu Cheng,,10.1109/glocom.2011.6134242,Position / trajectory verification; Datasets & simulation,,,https://doi.org/10.1109/glocom.2011.6134242
,2020,53,An Intelligent Mechanism for Sybil Attacks Detection in VANETs,Carlos H. O. O. Quevedo; Ana M. B. C. Quevedo; Gustavo Augusto Lima de Campos; Rafael L. Gomes; Joaquim Celestino; Ahmed Serhrouchni,,10.1109/icc40277.2020.9149371,Other / general Sybil defence,,,https://doi.org/10.1109/icc40277.2020.9149371
,2017,51,Support Vector Machine (SVM) Based Sybil Attack Detection in Vehicular Networks,Pengwenlong Gu; Rida Khatoun; Youcef Begriche; Ahmed Serhrouchni,,10.1109/wcnc.2017.7925783,"Cryptography, PKI & pseudonyms; Machine learning / deep learning; Datasets & simulation",,,https://doi.org/10.1109/wcnc.2017.7925783
,2018,49,Secure Communication and Implementation Technique for Sybil Attack in Vehicular Ad-Hoc Networks,Mukesh Soni; Anuj Kumar Jain,,10.1109/iccmc.2018.8487887,Other / general Sybil defence,,,https://doi.org/10.1109/iccmc.2018.8487887
,2017,49,Voiceprint: A Novel Sybil Attack Detection Method Based on RSSI for VANETs,Yuan Yao; Bin Xiao; Gaofei Wu; Xue Liu; Zhiwen Yu; Kailong Zhang; Xingshe Zhou,,10.1109/dsn.2017.10,RSSI / signal-strength & PHY; RSU / infrastructure-assisted; Datasets & simulation,,http://ira.lib.polyu.edu.hk/bitstream/10397/105654/1/Xiao_Voiceprint_Novel_Sybil.pdf,https://doi.org/10.1109/dsn.2017.10
,2015,48,Cross-layer scheme for detecting large-scale colluding Sybil attack in VANETs,Khaled Rabieh; Mohamed Mahmoud; Terry N. Guo; Mohamed Younis,,10.1109/icc.2015.7249492,RSU / infrastructure-assisted,,,https://doi.org/10.1109/icc.2015.7249492
,2013,44,Defense against Sybil attack in the initial deployment stage of vehicular ad hoc network based on roadside unit support,Soyoung Park; Baber Aslam; Damla Turgut; Cliff C. Zou,Security and Communication Networks,10.1002/sec.679,"Position / trajectory verification; Cryptography, PKI & pseudonyms; RSU / infrastructure-assisted",,https://stars.library.ucf.edu/facultybib2010/4508,https://doi.org/10.1002/sec.679
,2010,43,A novel defense mechanism against sybil attacks in VANET,Jyoti Grover; Manoj Singh Gaur; Vijay Laxmi,,10.1145/1854099.1854150,RSSI / signal-strength & PHY; Position / trajectory verification; RSU / infrastructure-assisted; Datasets & simulation,,,https://doi.org/10.1145/1854099.1854150
,2013,39,LSR: Mitigating Zero-Day Sybil Vulnerability in Privacy-Preserving Vehicular Peer-to-Peer Networks,Xiaodong Lin,IEEE Journal on Selected Areas in Communications,10.1109/jsac.2013.sup.0513021,"Cryptography, PKI & pseudonyms; Trust / reputation; Datasets & simulation",,http://arxiv.org/abs/2204.13843,https://doi.org/10.1109/jsac.2013.sup.0513021
,2021,38,Sybil attack detection and secure data transmission in VANET using CMEHA-DNN and MD5-ECC,Nitha C. Velayudhan; A. Anitha; Mukesh Madanan,Journal of Ambient Intelligence and Humanized Computing,10.1007/s12652-021-03379-3,Other / general Sybil defence,,,https://doi.org/10.1007/s12652-021-03379-3
,2017,37,INTERLOC: An interference-aware RSSI-based localization and sybil attack detection mechanism for vehicular ad hoc networks,Mevlut Turker Garip; Paul Hyungmin Kim; Peter Reiher; Mário Gerla,,10.1109/ccnc.2017.8013424,RSSI / signal-strength & PHY; Position / trajectory verification; Datasets & simulation,,,https://doi.org/10.1109/ccnc.2017.8013424
,2016,37,Sybil attack prevention and detection in vehicular ad hoc network,Aravendra Kumar Sharma; Sushil Kumar Saroj; Sanjeev Chauhan; Sachin Kumar Saini,,10.1109/ccaa.2016.7813790,"Cryptography, PKI & pseudonyms",,,https://doi.org/10.1109/ccaa.2016.7813790
YES,2019,36,Detecting Sybil attacks in vehicular ad hoc networks,Salam Hamdan; Amjad Hudaib; Arafat Awajan,International Journal of Parallel Emergent and Distributed Systems,10.1080/17445760.2019.1617865,"Position / trajectory verification; Cryptography, PKI & pseudonyms; RSU / infrastructure-assisted; Datasets & simulation",pdfs/2019_Hamdan_Detecting_Sybil_attacks_in_vehicular_ad_hoc_networks.pdf,https://arxiv.org/pdf/1905.03507,https://doi.org/10.1080/17445760.2019.1617865
,2017,36,k-Nearest Neighbours classification based Sybil attack detection in Vehicular networks,Pengwenlong Gu; Rida Khatoun; Youcef Begriche; Ahmed Serhrouchni,,10.1109/mobisecserv.2017.7886565,"Cryptography, PKI & pseudonyms; Machine learning / deep learning; Datasets & simulation",,,https://doi.org/10.1109/mobisecserv.2017.7886565
,2023,35,MDFD: A multi-source data fusion detection framework for Sybil attack detection in VANETs,Ye Chen; Yingxu Lai; Zhaoyi Zhang; Hanmei Li; Yuhang Wang,Computer Networks,10.1016/j.comnet.2023.109608,Other / general Sybil defence,,,https://doi.org/10.1016/j.comnet.2023.109608
,2017,35,Effects of colluding Sybil nodes in message falsification attacks for vehicular platooning,Felipe Boeira; Marinho Barcellos; Edison Pignaton de Freitas; Alexey Vinel; Mikael Asplund,,10.1109/vnc.2017.8275641,Trust / reputation,,,https://doi.org/10.1109/vnc.2017.8275641
,2014,32,On Secure and Privacy-Aware Sybil Attack Detection in Vehicular Communications,Rasheed Hussain; Heekuck Oh,Wireless Personal Communications,10.1007/s11277-014-1659-5,Other / general Sybil defence,,,https://doi.org/10.1007/s11277-014-1659-5
,2023,30,Highly accurate sybil attack detection in vanet using extreme learning machine with preserved location,Allam Balaram; Shaik Abdul Nabi; Koppula Srinivas Rao; Neeraja Koppula,Wireless Networks,10.1007/s11276-023-03399-1,Other / general Sybil defence,,,https://doi.org/10.1007/s11276-023-03399-1
,2021,30,"Detecting Sybil Attack in Vehicular Ad-hoc Networks (Vanets) by Using Fitness Function, Signal Strength Index and Throughput",Seyed Salar Sefati; Sara Ghiasi Tabrizi,Wireless Personal Communications,10.1007/s11277-021-09261-x,RSSI / signal-strength & PHY,,,https://doi.org/10.1007/s11277-021-09261-x
,2016,30,ASAP -V: A privacy-preserving authentication and sybil detection protocol for VANETs,Thiago B. M. Sales; Ângelo Perkusich; Leandro Melo de Sales; Hyggo Almeida; Gustavo Soares; Marcello de Sales,Information Sciences,10.1016/j.ins.2016.08.024,"Cryptography, PKI & pseudonyms",,,https://doi.org/10.1016/j.ins.2016.08.024
,2014,29,Sybil attack detection in VANET using neighbouring vehicles,Jyoti Grover; Vijay Laxmi; Manoj Singh Gaur,International Journal of Security and Networks,10.1504/ijsn.2014.066178,Other / general Sybil defence,,,https://doi.org/10.1504/ijsn.2014.066178
,2022,28,Effect Sybil attack on security Authentication Service in VANET,Mustafa Maad Hamdi; Majeed Dhafer; Ahmed Shamil Mustafa; Sami Abduljabbar Rashid; Ahmed Jamal Ahmed; Ahmed Muhi Shantaf,"2022 International Congress on Human-Computer Interaction, Optimization and Robotic Applications (HORA)",10.1109/hora55278.2022.9799810,"Cryptography, PKI & pseudonyms; RSU / infrastructure-assisted; Routing-protocol impact",,,https://doi.org/10.1109/hora55278.2022.9799810
,2020,28,A Sybil Attack Detection Scheme based on ADAS Sensors for Vehicular Networks,Kiho Lim; Tarikul Islam; Hyunbum Kim; Jingon Joung,,10.1109/ccnc46108.2020.9045356,Machine learning / deep learning; Trust / reputation; RSU / infrastructure-assisted,,,https://doi.org/10.1109/ccnc46108.2020.9045356
,2018,27,Sybil Attack Detection in Urban VANETs Based on RSU Support,Hamid Hamed; Alireza Keshavarz‐Haddad; Shapour Golbahar Haghighi,,10.1109/icee.2018.8472629,RSU / infrastructure-assisted; Datasets & simulation,,,https://doi.org/10.1109/icee.2018.8472629
,2017,27,Sybil attack detection technique using session key certificate in vehicular ad hoc networks,D. Srinivas Reddy; V. Bapuji; A. Govardhan; Samar Sen Sarma,"2017 International Conference on Algorithms, Methodology, Models and Applications in Emerging Technologies (ICAMMAET)",10.1109/icammaet.2017.8186733,"Cryptography, PKI & pseudonyms",,,https://doi.org/10.1109/icammaet.2017.8186733
,2015,27,Sybil attack detection using a low cost short group signature in VANET,Mahdiyeh Alimohammadi; Ali A. Pouyan,,10.1109/iscisc.2015.7387893,"Cryptography, PKI & pseudonyms",,,https://doi.org/10.1109/iscisc.2015.7387893
,2020,26,An Effective Privacy-Aware Sybil Attack Detection Scheme for Secure Communication in Vehicular Ad Hoc Network,Mahdiyeh Parham; Ali A. Pouyan,Wireless Personal Communications,10.1007/s11277-020-07272-8,Other / general Sybil defence,,,https://doi.org/10.1007/s11277-020-07272-8
,2022,24,Detecting Sybil Attacks in Vehicular Fog Networks Using RSSI and Blockchain,Sarra Benadla; Omar Rafik Merad Boudia; Sidi‐Mohammed Senouci; Mohamed Lehsaini,IEEE Transactions on Network and Service Management,10.1109/tnsm.2022.3216073,RSSI / signal-strength & PHY; Position / trajectory verification; Blockchain / distributed ledger; RSU / infrastructure-assisted; Datasets & simulation,,,https://doi.org/10.1109/tnsm.2022.3216073
YES,2021,24,A Privacy-Preserving Key Management Scheme with Support for Sybil Attack Detection in VANETs,L. Ellen Funderburg; Im-Yeong Lee,Sensors,10.3390/s21041063,"Cryptography, PKI & pseudonyms; Trust / reputation",pdfs/2021_Funderburg_A_PrivacyPreserving_Key_Management_Scheme_with_Support_for_Sybil_Attack_Detection_in_VANET.pdf,https://www.mdpi.com/1424-8220/21/4/1063/pdf?version=1612499908,https://doi.org/10.3390/s21041063
,2022,23,Detecting sybil attacks in vehicular ad hoc networks using fuzzy logic and arithmetic optimization algorithm,Mahdi Maleknasab Ardakani; Mohammad Ali Tabarzad; Mohammad Amin Shayegan,The Journal of Supercomputing,10.1007/s11227-022-04526-z,Trust / reputation,,,https://doi.org/10.1007/s11227-022-04526-z
,2016,23,A Survey on VANETs Security Attacks and Sybil Attack Detection,Chaitanya Kumar Karn; Chandra P. Gupta,International Journal of Sensors Wireless Communications and Control,10.2174/2210327905999151103170103,RSU / infrastructure-assisted; Surveys & reviews; Routing-protocol impact,,,https://doi.org/10.2174/2210327905999151103170103
,2023,22,Detection method to eliminate Sybil attacks in Vehicular Ad-hoc Networks,Zhaoyi Zhang; Yingxu Lai; Ye Chen; Jingwen Wei; Yuhang Wang,Ad Hoc Networks,10.1016/j.adhoc.2023.103092,Other / general Sybil defence,,,https://doi.org/10.1016/j.adhoc.2023.103092
,2014,22,Prevention of Sybil attack and priority batch verification in VANETs,P. Vinoth Kumar; Mukesh Kumar Maheshwari,,10.1109/icices.2014.7033926,RSU / infrastructure-assisted,,,https://doi.org/10.1109/icices.2014.7033926
,2022,21,Sybil Attack Detection in VANETs using an AdaBoost Classifier,Dhia Eddine Laouiti; Marwane Ayaida; Nadhir Messai; Sameh Najeh; Leïla Najjar; Ferdaous Chaabane,2022 International Wireless Communications and Mobile Computing (IWCMC),10.1109/iwcmc55113.2022.9824974,Machine learning / deep learning; Datasets & simulation,,,https://doi.org/10.1109/iwcmc55113.2022.9824974
,2021,21,RETRACTED ARTICLE: Sybil Attack with RSU Detection and Location Privacy in Urban VANETs: An Efficient EPORP Technique,Nitha C. Velayudhan; A. Anitha; Mukesh Madanan,Wireless Personal Communications,10.1007/s11277-021-09102-x,RSU / infrastructure-assisted,,https://www.researchsquare.com/article/rs-680396/latest.pdf,https://doi.org/10.1007/s11277-021-09102-x
,2020,21,A Taxonomy of Sybil Attacks in Vehicular Ad-Hoc Network (VANET),Nirbhay Kumar Chaubey; Dhananjay Yadav,Advances in computational intelligence and robotics book series,10.4018/978-1-7998-2570-8.ch009,RSU / infrastructure-assisted; Surveys & reviews,,,https://doi.org/10.4018/978-1-7998-2570-8.ch009
YES,2020,21,Detecting Sybil Attacks Using Proofs of Work and Location in VANETs,Mohamed Baza; Mahmoud Nabil; Mohamed Mahmoud; Niclas Bewermeier; Kemal Fidan; Waleed Alasmary; Mohamed Abdallah,IEEE Transactions on Dependable and Secure Computing,10.1109/tdsc.2020.2993769,"Position / trajectory verification; Cryptography, PKI & pseudonyms; RSU / infrastructure-assisted",pdfs/2020_Baza_Detecting_Sybil_Attacks_Using_Proofs_of_Work_and_Location_in_VANETs.pdf,https://arxiv.org/pdf/1904.05845,https://doi.org/10.1109/tdsc.2020.2993769
,2018,21,Sybil attack prevention through identity symmetric scheme in vehicular ad-hoc networks,Mohamed Khalil; Marianne A. Azer,,10.1109/wd.2018.8361717,"Cryptography, PKI & pseudonyms; RSU / infrastructure-assisted",,,https://doi.org/10.1109/wd.2018.8361717
YES,2014,21,A Survey on Sybil Attack in Vehicular Ad-hoc Network,Deepak Kushwaha; Piyush Kumar Shukla; Raju Baraskar,International Journal of Computer Applications,10.5120/17262-7614,"Cryptography, PKI & pseudonyms; Trust / reputation; Surveys & reviews",pdfs/2014_Kushwaha_A_Survey_on_Sybil_Attack_in_Vehicular_Adhoc_Network.pdf,https://doi.org/10.5120/17262-7614,https://doi.org/10.5120/17262-7614
,2014,20,Sybil Attack Detection in Vehicular Networks,Ali A. Pouyan; Mahdiyeh Alimohammadi,Computer Science and Information Technology,10.13189/csit.2014.020403,Other / general Sybil defence,,http://www.hrpub.org/download/20140305/CSIT3-13500802.pdf,https://doi.org/10.13189/csit.2014.020403
,2024,19,Achieving Multi-Attribute Superiority and Sybil Attack Detection in IoV: A Heuristic-Based Dynamic RSU Deployment Scheme,Hongzhi Guo; Xinhan Wu; Zishuo Yin; Bomin Mao; Yijie Xun; Jiajia Liu; Wu Chen,IEEE Transactions on Intelligent Transportation Systems,10.1109/tits.2024.3509980,RSU / infrastructure-assisted,,,https://doi.org/10.1109/tits.2024.3509980
,2020,19,Blockchain-based Multi-Levels Trust Mechanism Against Sybil Attacks for Vehicular Networks,Achref Haddaji; Samiha Ayed; Lamia Chaari Fourati,,10.1109/bigdatase50710.2020.00028,Machine learning / deep learning; Blockchain / distributed ledger; Trust / reputation; RSU / infrastructure-assisted; Datasets & simulation,,,https://doi.org/10.1109/bigdatase50710.2020.00028
,2017,19,Distributed consensus-based Sybil nodes detection in VANETs,Chea Sowattana; Wantanee Viriyasitavat; Assadarat Khurat,,10.1109/jcsse.2017.8025908,Blockchain / distributed ledger; RSU / infrastructure-assisted; Datasets & simulation,,,https://doi.org/10.1109/jcsse.2017.8025908
,2012,19,Privacy-Aware VANET Security: Putting Data-Centric Misbehavior and Sybil Attack Detection Schemes into Practice,Rasheed Hussain; Sangjin Kim; Heekuck Oh,Lecture notes in computer science,10.1007/978-3-642-35416-8_21,Other / general Sybil defence,,,https://doi.org/10.1007/978-3-642-35416-8_21
YES,2011,19,Efficient Detection of Sybil attack Based on Cryptography in Vanet,Mina Rahbari; Mohammad Ali Jabraeil Jamali,International Journal of Network Security & Its Applications,10.5121/ijnsa.2011.3614,"Cryptography, PKI & pseudonyms; RSU / infrastructure-assisted; Surveys & reviews",pdfs/2011_Rahbari_Efficient_Detection_of_Sybil_attack_Based_on_Cryptography_in_Vanet.pdf,https://doi.org/10.5121/ijnsa.2011.3614,https://doi.org/10.5121/ijnsa.2011.3614
,2024,18,Sybil Attack Detection Based on Signal Clustering in Vehicular Networks,Halit Bugra Tulay; C. Emre Koksal,IEEE Transactions on Machine Learning in Communications and Networking,10.1109/tmlcn.2024.3410208,Routing-protocol impact; Datasets & simulation,,https://doi.org/10.1109/tmlcn.2024.3410208,https://doi.org/10.1109/tmlcn.2024.3410208
YES,2020,18,MAR_Sybil: Cooperative RSU Based Detection and Prevention of Sybil Attacks in Routing Process of VANET,Mahabaleshwar Kabbur; V. Arul Kumar,Journal of Physics Conference Series,10.1088/1742-6596/1427/1/012009,RSU / infrastructure-assisted; Routing-protocol impact,pdfs/2020_Kabbur_MARSybil_Cooperative_RSU_Based_Detection_and_Prevention_of_Sybil_Attacks_in_Routing_Proces.pdf,https://iopscience.iop.org/article/10.1088/1742-6596/1427/1/012009/pdf,https://doi.org/10.1088/1742-6596/1427/1/012009
,2019,18,Defending against Sybil Attacks in Vehicular Platoons,Jesty Santhosh; Sriram Sankaran,,10.1109/ants47819.2019.9117945,"Cryptography, PKI & pseudonyms; Datasets & simulation",,,https://doi.org/10.1109/ants47819.2019.9117945
,2016,18,Vehicle Driving Pattern Based Sybil Attack Detection,Pengwenlong Gu; Rida Khatoun; Youcef Begriche; Ahmed Serhrouchni,,10.1109/hpcc-smartcity-dss.2016.0182,"Cryptography, PKI & pseudonyms; Machine learning / deep learning; Datasets & simulation",,,https://doi.org/10.1109/hpcc-smartcity-dss.2016.0182
,2015,18,Isolation of Sybil attack in VANET using neighboring information,Mandeep Kaur Saggi; Ranjeet Kaur,,10.1109/iadcc.2015.7154666,RSU / infrastructure-assisted; Datasets & simulation,,,https://doi.org/10.1109/iadcc.2015.7154666
YES,2019,17,An Efficient Implementation of a Method to Detect Sybil Attacks in Vehicular Ad hoc Networks using Received Signal Strength Indicator,Ms. Keerthi Samhitha; Ms. Suja Cherukulapurath Mana; Ms. Jithina Jose; Mr. Mohith; Mr. Siva Chandrahasa Reddy,International Journal of Innovative Technology and Exploring Engineering,10.35940/ijitee.i7604.119119,RSSI / signal-strength & PHY,pdfs/2019_Samhitha_An_Efficient_Implementation_of_a_Method_to_Detect_Sybil_Attacks_in_Vehicular_Ad_hoc_Networ.pdf,https://doi.org/10.35940/ijitee.i7604.119119,https://doi.org/10.35940/ijitee.i7604.119119
,2014,17,Sybil attack detection in vehicular network based on received signal strength,Rakesh Shrestha; Sirojiddin Djuraev; Seung Yeob Nam,,10.1109/iccve.2014.7297649,RSSI / signal-strength & PHY; Position / trajectory verification; Trust / reputation,,,https://doi.org/10.1109/iccve.2014.7297649
,2014,17,A Traffic Flow Theory Aided Physical Measurement-Based Sybil Nodes Detection Mechanism in Vehicular Ad-hoc Networks,Dongxu Jin; JooSeok Song,,10.1109/icis.2014.6912147,RSU / infrastructure-assisted; Datasets & simulation,,https://download.atlantis-press.com/article/16390.pdf,https://doi.org/10.1109/icis.2014.6912147
,2013,17,A privacy preserving solution for the protection against sybil attacks in vehicular ad hoc networks,Bayrem Triki; Slim Rekhis; M'hamed Chammem; N. Boudriga,,10.1109/wmnc.2013.6549051,"Cryptography, PKI & pseudonyms; RSU / infrastructure-assisted; Datasets & simulation",,,https://doi.org/10.1109/wmnc.2013.6549051
YES,2024,16,FC-LSR: Fog Computing-Based Lightweight Sybil Resistant Scheme in 5G-Enabled Vehicular Networks,Abdulwahab Ali Almazroi; Monagi H. Alkinani; ‪Mahmood A. Al-Shareeda‬‏; Mohammed A. Alqarni; Alaa Atallah Almazroey; Tarek Gaber,IEEE Access,10.1109/access.2024.3368393,"Cryptography, PKI & pseudonyms; RSU / infrastructure-assisted",pdfs/2024_Almazroi_FCLSR_Fog_ComputingBased_Lightweight_Sybil_Resistant_Scheme_in_5GEnabled_Vehicular_Network.pdf,https://ieeexplore.ieee.org/ielx7/6287639/6514899/10440634.pdf,https://doi.org/10.1109/access.2024.3368393
,2022,16,An Optimisation driven Deep Residual Network for Sybil attack detection with reputation and trust-based misbehaviour detection in VANET,Nitha C. Velayudhan; A. Anitha; Mukesh Madanan,Journal of Experimental & Theoretical Artificial Intelligence,10.1080/0952813x.2022.2104387,Trust / reputation; RSU / infrastructure-assisted; Routing-protocol impact,,,https://doi.org/10.1080/0952813x.2022.2104387
,2020,16,Timestamp Based Detection of Sybil Attack in VANET.,Syed Mohd Faisal; Taskeen Zaidi,,,Other / general Sybil defence,,,https://dblp.uni-trier.de/db/journals/ijnsec/ijnsec22.html#FaisalZ20
YES,2015,16,Preserving Location Privacy in Location Based Services against Sybil Attacks,Amit Kumar Tyagi; N. Sreenath,International Journal of Security and Its Applications,10.14257/ijsia.2015.9.12.18,"Cryptography, PKI & pseudonyms; RSU / infrastructure-assisted",pdfs/2015_Tyagi_Preserving_Location_Privacy_in_Location_Based_Services_against_Sybil_Attacks.pdf,https://doi.org/10.14257/ijsia.2015.9.12.18,http://doi.org/10.14257/ijsia.2015.9.12.18
YES,2014,16,Detecting Sybil attacks in vehicular networks,Muhammad Ibrahim Almutaz; Levi Malott; Sriram Chellappan,Journal of Trust Management,10.1186/2196-064x-1-4,Trust / reputation; RSU / infrastructure-assisted,pdfs/2014_Almutaz_Detecting_Sybil_attacks_in_vehicular_networks.pdf,https://journaloftrustmanagement.springeropen.com/track/pdf/10.1186/2196-064X-1-4,https://doi.org/10.1186/2196-064x-1-4
,2010,16,Performance Evaluation and Detection of Sybil Attacks in Vehicular Ad-Hoc Networks,Jyoti Grover; Deepak Kumar; M. Sargurunathan; Manoj Singh Gaur; Vijay Laxmi,Communications in computer and information science,10.1007/978-3-642-14478-3_47,Other / general Sybil defence,,,https://doi.org/10.1007/978-3-642-14478-3_47
YES,2021,15,Security Measures with Enhanced Behavior Processing and Footprint Algorithm against Sybil and Bogus Attacks in Vehicular Ad Hoc Network,Krzysztof Stępień; Aneta Poniszewska-Marańda,Sensors,10.3390/s21103538,Position / trajectory verification; Trust / reputation; RSU / infrastructure-assisted,pdfs/2021_Stpie_Security_Measures_with_Enhanced_Behavior_Processing_and_Footprint_Algorithm_against_Sybil.pdf,https://www.mdpi.com/1424-8220/21/10/3538/pdf?version=1621833715,https://doi.org/10.3390/s21103538
,2020,15,A collaborative strategy for detection and eviction of Sybil attacker and Sybil nodes in VANET,P. Remya krishnan; P. Arun Raj Kumar,International Journal of Communication Systems,10.1002/dac.4621,RSSI / signal-strength & PHY; RSU / infrastructure-assisted; Datasets & simulation,,,https://doi.org/10.1002/dac.4621
,2019,15,A Blockchain Construct for Energy Trading against Sybil Attacks,U. Asfia; V. Kamuni; Sarang Sutavani; A. Sheikh; Sushama Wagh; N. M. Singh,,10.1109/med.2019.8798489,"Cryptography, PKI & pseudonyms; Blockchain / distributed ledger",,,https://doi.org/10.1109/med.2019.8798489
YES,2012,15,Distributed Data Fusion for Detecting Sybil Attacks in VANETs,Nicole El Zoghby; Véronique Cherfaoui; Bertrand Ducourthial; Thierry Denœux,Advances in intelligent and soft computing,10.1007/978-3-642-29461-7_41,Other / general Sybil defence,pdfs/2012_Zoghby_Distributed_Data_Fusion_for_Detecting_Sybil_Attacks_in_VANETs.pdf,https://hal.science/hal-00756330,https://doi.org/10.1007/978-3-642-29461-7_41
,2024,14,Detecting Sybil Attacks in VANET: Exploring Feature Diversity and Deep Learning Algorithms with Insights into Sybil Node Associations,Rukhsar Sultana; Jyoti Grover; Meenakshi Tripathi; Manhar Singh Sachdev; Sparsh Taneja,Journal of Network and Systems Management,10.1007/s10922-024-09827-7,Machine learning / deep learning,,,https://doi.org/10.1007/s10922-024-09827-7
YES,2022,14,Detection of Sybil attack in vehicular ad hoc networks by analyzing network performance,Nirbhay Kumar Chaubey; Dhananjay Yadav,International Journal of Power Electronics and Drive Systems/International Journal of Electrical and Computer Engineering,10.11591/ijece.v12i2.pp1703-1710,Datasets & simulation,pdfs/2022_Chaubey_Detection_of_Sybil_attack_in_vehicular_ad_hoc_networks_by_analyzing_network_performance.pdf,https://ijece.iaescore.com/index.php/IJECE/article/download/25985/15520,https://doi.org/10.11591/ijece.v12i2.pp1703-1710
,2019,14,RSSI Sequence and Vehicle Driving Matrix Based Sybil Nodes Detection in VANET,Wei Li; Dongmei Zhang,,10.1109/iccsn.2019.8905261,RSSI / signal-strength & PHY; Trust / reputation; RSU / infrastructure-assisted,,,https://doi.org/10.1109/iccsn.2019.8905261
YES,2015,14,Multivariate verification for sybil attack detection in VANET,Jyoti Grover; Manoj Singh Gaur; Vijay Laxmi,Open Computer Science,10.1515/comp-2015-0006,Position / trajectory verification; RSU / infrastructure-assisted; Datasets & simulation,pdfs/2015_Grover_Multivariate_verification_for_sybil_attack_detection_in_VANET.pdf,https://www.degruyter.com/document/doi/10.1515/comp-2015-0006/pdf,https://doi.org/10.1515/comp-2015-0006
,2022,13,An Overview of Sybil Attack Detection Mechanisms in VFC,Haonan Yang; Yongchao Zhong; Bo Yang; Yiyu Yang; Zifeng Xu; Longjuan Wang; Yuqing Zhang,,10.1109/dsn-w54100.2022.00028,"Cryptography, PKI & pseudonyms; RSU / infrastructure-assisted; Surveys & reviews",,,https://doi.org/10.1109/dsn-w54100.2022.00028
,2021,13,"Detecting Sybil Attack, Black Hole Attack and DoS Attack in VANET Using RSA Algorithm",Priyanka Shah; Tanmay Kasbe,,10.1109/eti4.051663.2021.9619414,Routing-protocol impact; Datasets & simulation,,,https://doi.org/10.1109/eti4.051663.2021.9619414
,2020,13,Dealing with Sybil Attack in VANET,Binod Kumar Pattanayak; Omkar Pattnaik; Sasmita Pani,"Smart innovation, systems and technologies",10.1007/978-981-15-5971-6_51,Other / general Sybil defence,,,https://doi.org/10.1007/978-981-15-5971-6_51
,2019,13,Road Safety Against Sybil Attacks Based on RSU Collaboration in VANET Environment,Said Benkirane,Lecture notes in computer science,10.1007/978-3-030-22885-9_15,RSU / infrastructure-assisted,,,https://doi.org/10.1007/978-3-030-22885-9_15
,2017,13,Localization of Sybil Nodes with Electro-Acoustic Positioning in VANETs,Seongwon Han; Daehyun Ban; Woojin Park; Mário Gerla,,10.1109/glocom.2017.8253994,Position / trajectory verification; Datasets & simulation,,,https://doi.org/10.1109/glocom.2017.8253994
,2017,13,Trust Based Approach in Adjacent Vehicles to Mitigate Sybil Attacks in VANET,Guntur Dharma Putra; Selo Sulistyo,,10.1145/3178212.3178231,"Cryptography, PKI & pseudonyms; Trust / reputation; RSU / infrastructure-assisted",,,https://doi.org/10.1145/3178212.3178231
YES,2024,12,Sybil Attack-Resistant Blockchain-Based Proof-of-Location Mechanism with Privacy Protection in VANET,Narayan Khatri; Sihyung Lee; Seung Yeob Nam,Sensors,10.3390/s24248140,Position / trajectory verification; Blockchain / distributed ledger; RSU / infrastructure-assisted,pdfs/2024_Khatri_Sybil_AttackResistant_BlockchainBased_ProofofLocation_Mechanism_with_Privacy_Protection_in.pdf,https://www.mdpi.com/1424-8220/24/24/8140/pdf?version=1734692648,https://doi.org/10.3390/s24248140
,2021,12,Credibility Enhanced Temporal Graph Convolutional Network Based Sybil Attack Detection On Edge Computing Servers,Baiting Luo; Liu X; Qi Zhu,,10.1109/iv48863.2021.9575361,RSU / infrastructure-assisted; Datasets & simulation,,,https://doi.org/10.1109/iv48863.2021.9575361
,2017,12,On the impact of sybil attacks in cooperative driving scenarios,Felipe Boeira; Marinho Barcellos; Edison Pignaton de Freitas; Alexey Vinel; Mikael Asplund,,10.23919/ifipnetworking.2017.8264890,Position / trajectory verification; Datasets & simulation,,,https://doi.org/10.23919/ifipnetworking.2017.8264890
,2013,12,Leveraging platoon dispersion for Sybil detection in vehicular networks,Muhammad Al Mutaz; Levi Malott; Sriram Chellappan,,10.1109/pst.2013.6596086,Trust / reputation; RSU / infrastructure-assisted,,,https://doi.org/10.1109/pst.2013.6596086
YES,2013,12,A Time-series Clustering Approach for Sybil Attack Detection in Vehicular Ad hoc Networks,Neelanjana Dutta; Sriram Chellappan,,,Other / general Sybil defence,pdfs/2013_Dutta_A_Timeseries_Clustering_Approach_for_Sybil_Attack_Detection_in_Vehicular_Ad_hoc_Networks.pdf,,https://www.thinkmind.org/download.php?articleid=vehicular_2013_2_40_60067
,2024,11,A Survey and Comparative Analysis of Methods for Countering Sybil Attacks in VANETs,Gideon Adele; Abinash Borah; Anirudh Paranjothi; Mohammad S. Khan,,10.1109/ccwc60891.2024.10427979,Surveys & reviews,,,https://doi.org/10.1109/ccwc60891.2024.10427979
YES,2022,11,Secure Vehicular Platoon Management against Sybil Attacks,Danial Ritzuan Junaidi; Maode Ma; Rong Su,Sensors,10.3390/s22229000,"Cryptography, PKI & pseudonyms",pdfs/2022_Junaidi_Secure_Vehicular_Platoon_Management_against_Sybil_Attacks.pdf,https://www.mdpi.com/1424-8220/22/22/9000/pdf?version=1669105989,https://doi.org/10.3390/s22229000
,2020,11,A Novel Approach to Detection of and Protection from Sybil Attack in VANET,Binod Kumar Pattanayak; Omkar Pattnaik; Sasmita Pani,Lecture notes in networks and systems,10.1007/978-981-15-2774-6_30,Other / general Sybil defence,,,https://doi.org/10.1007/978-981-15-2774-6_30
,2019,11,Merged technique to prevent SYBIL Attacks in VANETs,Salman Ali Syed; B. V. V. Siva Prasad,,10.1109/iccisci.2019.8716435,"Cryptography, PKI & pseudonyms; Trust / reputation; RSU / infrastructure-assisted",,,https://doi.org/10.1109/iccisci.2019.8716435
,2013,11,L-P2DSA: Location-based privacy-preserving detection of Sybil attacks,Kenza Mekliche; Samira Moussaoui,,10.1109/isps.2013.6581485,"Position / trajectory verification; Cryptography, PKI & pseudonyms; RSU / infrastructure-assisted; Datasets & simulation",,,https://doi.org/10.1109/isps.2013.6581485
,2018,10,A Survey on Sybil Attack Detection in Vehicular ad hoc Networks (VANET),Zaid A. Abdulkader; Azizol Abdullah,,,Surveys & reviews,,,http://ericdata.com/tw/detail.aspx?no=412019
,2016,10,Techniques to isolate sybil attack in VANET-A review,Supinder Kaur; Anil Kumar,,10.1109/iceeot.2016.7754777,"Cryptography, PKI & pseudonyms; RSU / infrastructure-assisted; Surveys & reviews",,,https://doi.org/10.1109/iceeot.2016.7754777
,2015,10,Region authority based collaborative scheme to detect Sybil attacks in VANET,Anu S Lal; Reena Nair,,10.1109/iccc.2015.7432979,RSU / infrastructure-assisted,,,https://doi.org/10.1109/iccc.2015.7432979
,2024,9,Sybil attack detection in ultra-dense VANETs using verifiable delay functions,Yuvaraj Rajendra; Venkatesan Subramanian; Sandeep K. Shukla,Peer-to-Peer Networking and Applications,10.1007/s12083-024-01673-3,Other / general Sybil defence,,,https://doi.org/10.1007/s12083-024-01673-3
,2023,9,LCSS Based Sybil Attack Detection and Avoidance in Clustered Vehicular Networks,S. Rakhi; K. R. Shobha,IEEE Access,10.1109/access.2023.3294469,RSSI / signal-strength & PHY,,https://ieeexplore.ieee.org/ielx7/6287639/6514899/10179918.pdf,https://doi.org/10.1109/access.2023.3294469
,2022,9,FedMix: A Sybil Attack Detection System Considering Cross-layer Information Fusion and Privacy Protection,Jing Zhao; Ru-wu Wang,,10.1109/secon55815.2022.9918586,RSSI / signal-strength & PHY; Machine learning / deep learning,,,https://doi.org/10.1109/secon55815.2022.9918586
,2021,9,The Impact of Sybil Attacks on Vehicular Fog Networks,Sarra Benadla; Omar Rafik Merad Boudia,,10.1109/icrami52622.2021.9585965,"Cryptography, PKI & pseudonyms; RSU / infrastructure-assisted",,,https://doi.org/10.1109/icrami52622.2021.9585965
,2020,9,Sybil Attack Detection and Prevention in VANETs: A Survey,Yunpeng Zhang; Bidit Das; Fengxiang Qiao,Advances in intelligent systems and computing,10.1007/978-3-030-63092-8_51,Surveys & reviews,,,https://doi.org/10.1007/978-3-030-63092-8_51
,2019,9,Cloud-based Sybil Attack Detection Scheme for Connected Vehicles,Anika Anwar; Talal Halabi; Mohammad Zulkernine,,10.1109/csnet47905.2019.9108923,"Cryptography, PKI & pseudonyms; Trust / reputation; RSU / infrastructure-assisted",,,https://doi.org/10.1109/csnet47905.2019.9108923
,2018,9,Hybrid Algorithm to Detect the Sybil Attacks in VANET,Salam Hamdan; Amjad Hudaib; Arafat Awajan,,10.1109/isiict.2018.8613724,"Position / trajectory verification; Cryptography, PKI & pseudonyms; Datasets & simulation",,,https://doi.org/10.1109/isiict.2018.8613724
,2017,9,Obfuscated RSUs Vector Based Signature Scheme for Detecting Conspiracy Sybil Attack in VANETs,Xia Feng; Jin Tang,Mobile Information Systems,10.1155/2017/4682538,"Position / trajectory verification; Cryptography, PKI & pseudonyms; RSU / infrastructure-assisted; Datasets & simulation",,http://downloads.hindawi.com/journals/misy/2017/4682538.pdf,https://doi.org/10.1155/2017/4682538
,2014,9,A privacy-preserving authentication and Sybil detection protocol for vehicular ad hoc networks,Thiago M. de Sales; Hyggo Almeida; Ângelo Perkusich; Leandro de Sales; Marcello de Sales,,10.1109/icce.2014.6776070,"Cryptography, PKI & pseudonyms",,,https://doi.org/10.1109/icce.2014.6776070
,2022,8,Detection and prevention of Sybil attack in VANET using modified ACO,Syed Mohd Faisal; Bineet Kumar Gupta; Taskeen Zaidi,,10.1109/icccmla56841.2022.9989157,Other / general Sybil defence,,,https://doi.org/10.1109/icccmla56841.2022.9989157
YES,2022,8,Sybil Attack Detection in VANET Using Machine Learning Approach,Sireesha Kakulla; Srinivas Malladi,Ingénierie des systèmes d information,10.18280/isi.270410,Position / trajectory verification; Machine learning / deep learning,pdfs/2022_Kakulla_Sybil_Attack_Detection_in_VANET_Using_Machine_Learning_Approach.pdf,https://www.iieta.org/download/file/fid/80629,https://doi.org/10.18280/isi.270410
YES,2021,8,Sybil Attack with RSU Detection and Location Privacy in Urban VANETs- an Efficient EPORP Technique,Nitha C. Velayudhan; A. Anitha; Mukesh Madanan,Research Square,10.21203/rs.3.rs-680396/v1,RSU / infrastructure-assisted; Routing-protocol impact; Datasets & simulation,pdfs/2021_Velayudhan_Sybil_Attack_with_RSU_Detection_and_Location_Privacy_in_Urban_VANETs_an_Efficient_EPORP_Te.pdf,https://www.researchsquare.com/article/rs-680396/latest.pdf,https://doi.org/10.21203/rs.3.rs-680396/v1
,2020,8,Crypto-SAP Protocol for Sybil Attack Prevention in VANETs,Mohamed Khalil; Marianne A. Azer,Advances in intelligent systems and computing,10.1007/978-981-15-4409-5_13,Other / general Sybil defence,,,https://doi.org/10.1007/978-981-15-4409-5_13
,2018,8,Sybil attack resistant location privacy in VANET,Allam Balaram; S. Pushpa,International Journal of Information and Communication Technology,10.1504/ijict.2018.095025,"Position / trajectory verification; Cryptography, PKI & pseudonyms; RSU / infrastructure-assisted; Datasets & simulation",,https://pubmed.ncbi.nlm.nih.gov/39771874,https://doi.org/10.1504/ijict.2018.095025
YES,2015,8,Movement Abnormality Evaluation Model in the Partially Centralized VANETs for Prevention Against Sybil Attack,Mandeep Kaur; Manish Mahajan,International Journal of Modern Education and Computer Science,10.5815/ijmecs.2015.11.03,Position / trajectory verification,pdfs/2015_Kaur_Movement_Abnormality_Evaluation_Model_in_the_Partially_Centralized_VANETs_for_Prevention_A.pdf,http://www.mecs-press.org/ijmecs/ijmecs-v7-n11/IJMECS-V7-N11-3.pdf,https://doi.org/10.5815/ijmecs.2015.11.03
,2014,8,"A Study of Sybil and Temporal Attacks in Vehicular Ad Hoc Networks: Types, Challenges, and Impacts",Deepika Shrivastava; Ankur Pandey,International Journal of Computer Applications Technology and Research,10.7753/ijcatr0305.1002,Other / general Sybil defence,,,https://doi.org/10.7753/ijcatr0305.1002
,2012,8,Modeling Sybil attacker behavior in VANETs,Parastoo Kafil; Mahmoud Fathy; ‪Mina Zolfy Lighvan,,10.1109/iscisc.2012.6408215,Position / trajectory verification; Datasets & simulation,,,https://doi.org/10.1109/iscisc.2012.6408215
,2012,8,AntiSybil: Standing against Sybil Attacks in Privacy-Preserved VANET,Rasheed Hussain; Heekuck Oh; Sangjin Kim,,10.1109/iccve.2012.27,"Cryptography, PKI & pseudonyms; RSU / infrastructure-assisted",,,https://doi.org/10.1109/iccve.2012.27
,2022,7,A hybrid framework to prevent VANET from Sybil Attack,Syed Mohd Faisal; Bineet Kumar Gupta; Taskeen Zaidi,,10.1109/impact55510.2022.10029103,"Cryptography, PKI & pseudonyms; Trust / reputation; RSU / infrastructure-assisted; Routing-protocol impact",,,http://dx.doi.org/10.1109/impact55510.2022.10029103
,2022,7,Impact of Sybil Attack on Software-Defined Vehicular Fog Computing (SDVF) for an Emergency Vehicle Scenario,L. Jai Vinita; V. Vetriselvi,Lecture notes in networks and systems,10.1007/978-981-19-4960-9_61,RSU / infrastructure-assisted,,,https://doi.org/10.1007/978-981-19-4960-9_61
YES,2017,7,Segregation of Sybil Attack using Neighbouring Information in VANET,Anu Panchal; Dinesh Singh,IARJSET,10.17148/iarjset.2017.4631,Trust / reputation; Datasets & simulation,pdfs/2017_Panchal_Segregation_of_Sybil_Attack_using_Neighbouring_Information_in_VANET.pdf,https://doi.org/10.17148/iarjset.2017.4631,https://doi.org/10.17148/iarjset.2017.4631
YES,2015,7,A Review on Sybil Attack Detection Techniques,Jaydip R. Kamani; Dhaval Parikh,IJSRD : international journal for scientific research and development,,Surveys & reviews,pdfs/2015_Kamani_A_Review_on_Sybil_Attack_Detection_Techniques.pdf,,http://www.journal4research.org/articles/J4RV1I1029.pdf
,2011,7,Sybil attack detection based on signature vectors in VANETs,N.A. Chen; Weili Han; Xin Wang,International Journal of Critical Computer-Based Systems,10.1504/ijccbs.2011.038948,"Cryptography, PKI & pseudonyms; RSU / infrastructure-assisted; Datasets & simulation",,http://downloads.hindawi.com/journals/misy/2017/4682538.pdf,https://doi.org/10.1504/ijccbs.2011.038948
,2024,6,Decentralized Distance-based Strategy for Detection of Sybil Attackers and Sybil Nodes in VANET,P. Remya krishnan; Ritesh Koushik,Journal of Network and Systems Management,10.1007/s10922-024-09869-x,Other / general Sybil defence,,,https://doi.org/10.1007/s10922-024-09869-x
,2022,6,A fog-assisted system to defend against Sybils in vehicular crowdsourcing,Federico Concone; Fabrizio De Vita; Ajay Pratap; Dario Bruneo; Giuseppe Lo Re; Sajal K. Das,Pervasive and Mobile Computing,10.1016/j.pmcj.2022.101612,RSU / infrastructure-assisted,,https://www.sciencedirect.com/science/article/am/pii/S1574119222000505?via%3Dihub,https://doi.org/10.1016/j.pmcj.2022.101612
YES,2022,6,Sybil Attack Prediction on Vehicle Network Using Deep Learning,Zulfahmi Helmi; Ramzi Adriman; Teuku Yuliar Arif; Hubbul Walidainy; Maya Fitria,Jurnal RESTI (Rekayasa Sistem dan Teknologi Informasi),10.29207/resti.v6i3.4089,Machine learning / deep learning,pdfs/2022_Helmi_Sybil_Attack_Prediction_on_Vehicle_Network_Using_Deep_Learning.pdf,http://jurnal.iaii.or.id/index.php/RESTI/article/download/4089/604,https://doi.org/10.29207/resti.v6i3.4089
,2020,6,Exploring the Possibility of Sybil Attack in Position Based Routing Protocols in VANETs: A Case Study of Greedy Perimeter Coordinator Routing (GPCR),Nishtha; Manu Sood,Communications in computer and information science,10.1007/978-981-15-5830-6_7,Routing-protocol impact,,,https://doi.org/10.1007/978-981-15-5830-6_7
,2018,6,Sybil Attacks in Intelligent Vehicular Ad Hoc Networks: A Review,Aveen Muhamad; Mourad Elhadef,Lecture notes in electrical engineering,10.1007/978-981-13-1328-8_71,Surveys & reviews,,,https://doi.org/10.1007/978-981-13-1328-8_71
,2016,6,A defensive timestamp approach to detect and mitigate the Sybil attack in vanet,Shikha Sharma; Shivani Sharma,,10.1109/ic3i.2016.7917994,Other / general Sybil defence,,,https://doi.org/10.1109/ic3i.2016.7917994
,2015,6,Comparative Study on Sybil Attack Detection Schemes,Salam Hamdan; Raad S. Al‐Qassas; Sara Tedmori,INTERNATIONAL JOURNAL OF COMPUTERS & TECHNOLOGY,10.24297/ijct.v14i7.1898,Surveys & reviews,,https://cirworld.com/index.php/ijct/article/download/1898/pdf_596,https://doi.org/10.24297/ijct.v14i7.1898
,2014,6,Defense mechanisms against Sybil attack in vehicular ad hoc network,Mahdiyeh Ali Mohammadi; Ali A. Pouyan,Security and Communication Networks,10.1002/sec.1049,Other / general Sybil defence,,https://onlinelibrary.wiley.com/doi/pdfdirect/10.1002/sec.1049,https://doi.org/10.1002/sec.1049
,2024,5,Ensemble Based Machine Learning Classifier for Sybil Attack Detection in Vehicular AD-HOC Networks (VANETS),Piyush Kumar Pareek; Prateeksha Siddhanti; S. Anupkant; Saif O. Husain; I. Bhuvaneshwarri,,10.1109/icdsis61070.2024.10594488,Machine learning / deep learning,,,https://doi.org/10.1109/icdsis61070.2024.10594488
YES,2023,5,Non-Interactive Privacy-Preserving Sybil-Free Authentication Scheme in VANETs,Mahdi Akil; Leonardo A. Martucci; Jaap-Henk Hoepman,,10.14722/vehiclesec.2023.23007,"Cryptography, PKI & pseudonyms; Trust / reputation; RSU / infrastructure-assisted",pdfs/2023_Akil_NonInteractive_PrivacyPreserving_SybilFree_Authentication_Scheme_in_VANETs.pdf,http://dx.doi.org/10.14722/vehiclesec.2023.23007,https://doi.org/10.14722/vehiclesec.2023.23007
YES,2023,5,Enhancing Security in VANETs with Sybil Attack Detection using Fog Computing,Anirudh Paranjothi; Mohammad S. Khan,,10.1109/vtc2023-fall60731.2023.10333491,Trust / reputation; RSU / infrastructure-assisted; Datasets & simulation,pdfs/2023_Paranjothi_Enhancing_Security_in_VANETs_with_Sybil_Attack_Detection_using_Fog_Computing.pdf,http://arxiv.org/abs/2108.10319,http://dx.doi.org/10.1109/vtc2023-fall60731.2023.10333491
,2023,5,RSSI-Based Sybil Attack Detection Under Fading Channel in VANET,Beiyuan Liu; Jiaxiu Cai; Jiajia Liu,,10.1109/icc45041.2023.10279536,RSSI / signal-strength & PHY; Datasets & simulation,,,https://doi.org/10.1109/icc45041.2023.10279536
,2021,5,Robust Sybil Attack Detection in Vehicular Networks,Halit Bugra Tulay; C. Emre Koksal,2021 IEEE 94th Vehicular Technology Conference (VTC2021-Fall),10.1109/vtc2021-fall52928.2021.9625060,RSU / infrastructure-assisted; Routing-protocol impact; Datasets & simulation,,https://arxiv.org/abs/2606.11667,https://doi.org/10.1109/vtc2021-fall52928.2021.9625060
,2021,5,Enhancing Security in VANETs with Efficient Sybil Attack Detection using Fog Computing,Anirudh Paranjothi; Mohammed Atiquzzaman,arXiv (Cornell University),10.48550/arxiv.2108.10319,Trust / reputation; RSU / infrastructure-assisted; Datasets & simulation,,https://arxiv.org/pdf/2108.10319,http://arxiv.org/abs/2108.10319
,2021,5,Sybil Attack Detection Method based on Timestamp-Chain in Internet of Vehicles,Qianru Hu; Xiumei Fan; Axida Shan; Zicheng Wang,,10.1109/smartiot52359.2021.00035,RSSI / signal-strength & PHY; RSU / infrastructure-assisted; Datasets & simulation,,,https://doi.org/10.1109/smartiot52359.2021.00035
YES,2019,5,SYBIL ATTACK DETECTION IN VANET USING SPIDER -MONKEY TECHNIQUE AND ECC,Aleena Ann Jose,International Journal of Wireless Communications and Network Technologies,10.30534/ijwcnt/2019/07832019,"Position / trajectory verification; Cryptography, PKI & pseudonyms",pdfs/2019_Jose_SYBIL_ATTACK_DETECTION_IN_VANET_USING_SPIDER_MONKEY_TECHNIQUE_AND_ECC.pdf,https://doi.org/10.30534/ijwcnt/2019/07832019,https://doi.org/10.30534/ijwcnt/2019/07832019
,2016,5,A behavioral study of Sybil attack on vehicular network,Amrit Suman; Chiranjeev Kumar,,10.1109/rait.2016.7507875,Routing-protocol impact,,,https://doi.org/10.1109/rait.2016.7507875
,2015,5,EBRS: Event Based Reputation System for Defensing Multi-source Sybil Attacks in VANET,Xia Feng; Chunyan Li; Dexin Chen; Jin Tang,Lecture notes in computer science,10.1007/978-3-319-21837-3_15,Trust / reputation,,,https://doi.org/10.1007/978-3-319-21837-3_15
YES,2014,5,Sybil Attack Detection with Reduced Bandwidthoverhead in Urban Vehicular Networks,D.Balamahalakshmi,International Journal of Innovative Research in Computer and Communication Engineering,,Position / trajectory verification; Trust / reputation; RSU / infrastructure-assisted; Datasets & simulation,pdfs/2014_DBalamahalakshmi_Sybil_Attack_Detection_with_Reduced_Bandwidthoverhead_in_Urban_Vehicular_Networks.pdf,,https://www.rroij.com/open-access/sybil-attack-detection-with-reduced-bandwidthoverhead-in-urban-vehicular-networks.pdf
,2011,5,Combating Sybil Attacks in Vehicular Ad Hoc Networks,Khaled Rabieh; Marianne A. Azer,Communications in computer and information science,10.1007/978-3-642-21937-5_7,Other / general Sybil defence,,,https://doi.org/10.1007/978-3-642-21937-5_7
,2025,4,Sybil attack detection in vehicular ad hoc networks (VANETs): a comprehensive survey,Habiba Hadri; Mourad Ouadou; Laila Chakour; Khalid Minaoui,Innovations in Systems and Software Engineering,10.1007/s11334-025-00603-7,Surveys & reviews,,,https://doi.org/10.1007/s11334-025-00603-7
,2025,4,Enhancing security in vanets: Adaptive Bald Eagle Search Optimization based multi-agent deep Q neural network for Sybil attack detection,M. Ajin; R. S. Shaji,Vehicular Communications,10.1016/j.vehcom.2025.100928,Machine learning / deep learning,,,https://doi.org/10.1016/j.vehcom.2025.100928
YES,2025,4,Creating a realistic sybil attack dataset for inter-vehicle communication,Taner Guven; Z. Cihan Taysi,Peer-to-Peer Networking and Applications,10.1007/s12083-025-02058-w,RSSI / signal-strength & PHY; Datasets & simulation,pdfs/2025_Guven_Creating_a_realistic_sybil_attack_dataset_for_intervehicle_communication.pdf,https://link.springer.com/content/pdf/10.1007/s12083-025-02058-w.pdf,https://doi.org/10.1007/s12083-025-02058-w
,2024,4,Unveiling Sybil Attacks Using AI ‐Driven Techniques in Software‐Defined Vehicular Networks,Rajendra Prasad Nayak; Sourav Kumar Bhoi; Kshira Sagar Sahoo; Srinivas Sethi; Subasish Mohapatra; Monowar Bhuyan,Security and Privacy,10.1002/spy2.487,Machine learning / deep learning; Trust / reputation; RSU / infrastructure-assisted,,https://onlinelibrary.wiley.com/doi/pdfdirect/10.1002/spy2.487,https://doi.org/10.1002/spy2.487
,2023,4,Sybil Attack Detection in VANETs: An LSTM-Based BiGAN Approach,Yongchao Zhong; Haonan Yang; Ying Li; Bo Yang; Xiaoqi Li; Qiuling Yue; Jinglu Hu; Yuqing Zhang,,10.1109/dspp58763.2023.10404993,Machine learning / deep learning; Datasets & simulation,,,https://doi.org/10.1109/dspp58763.2023.10404993
YES,2023,4,"Techniques to Overcome Network Attacks (Sybil Attack, Jamming Attack, Timing Attack) in VANET",Sinan Ameen Noman; Travis Atkison,Journal of The Colloquium for Information Systems Security Education,10.53735/cisse.v10i1.174,RSU / infrastructure-assisted,pdfs/2023_Noman_Techniques_to_Overcome_Network_Attacks_Sybil_Attack_Jamming_Attack_Timing_Attack_in_VANET.pdf,https://cisse.info/journal/index.php/cisse/article/download/174/174,https://doi.org/10.53735/cisse.v10i1.174
,2023,4,Sybil Detection in Connected Vehicle Systems via Angle-of-Arrival Estimation,Tianye Ma; Yidan Hu; Aisha Aseeri; Mark Nejad; Rui Zhang,,10.1109/most57249.2023.00029,RSSI / signal-strength & PHY; RSU / infrastructure-assisted; Datasets & simulation,,,https://doi.org/10.1109/most57249.2023.00029
,2022,4,A Generative Adversarial Approach for Sybil Attacks Recognition for Vehicular Crowdsensing,Luis G. Jaimes; Juan M. Calderón; Scott K. Shriver; Antonio Hendricks; Javier Lozada; Sivasundaram Seenith; Harish Chintakunta,,10.1109/iccve52871.2022.9743106,Machine learning / deep learning,,,https://doi.org/10.1109/iccve52871.2022.9743106
,2021,4,Trajectory as an Identity: Privacy-Preserving and Sybil-Resistant Authentication for Internet of Vehicles,Jiangtao Li; Zhaoheng Song; Yufeng Li; Chenhong Cao; Yuanhang He,Security and Communication Networks,10.1155/2021/8251697,"Position / trajectory verification; Cryptography, PKI & pseudonyms; RSU / infrastructure-assisted",,https://downloads.hindawi.com/journals/scn/2021/8251697.pdf,https://doi.org/10.1155/2021/8251697
,2020,4,Sybil Attack in VANET Operating in an Urban Environment: An Overview,Nitha C. Velayudhan; A. Anitha,Lecture notes in electrical engineering,10.1007/978-981-15-3992-3_36,Other / general Sybil defence,,,https://doi.org/10.1007/978-981-15-3992-3_36
YES,2020,4,Hybrid Trust-based Defense Mechanisms Against Sybil Attack in Vehicular Ad-hoc Networks,Agria Rhamdhan; Fadhil Hidayat,"Proceedings of the Proceedings of the 7th Mathematics, Science, and Computer Science Education International Seminar, MSCEIS 2019, 12 October 2019, Bandung, West Java, Indonesia",10.4108/eai.12-10-2019.2296524,Trust / reputation,pdfs/2020_Rhamdhan_Hybrid_Trustbased_Defense_Mechanisms_Against_Sybil_Attack_in_Vehicular_Adhoc_Networks.pdf,http://eudl.eu/pdf/10.4108/eai.12-10-2019.2296524,https://doi.org/10.4108/eai.12-10-2019.2296524
YES,2018,4,Evaluation of proposed technique for detection of Sybil attack in VANET,Kanwalprit Singh; Harmanpreet Kaur,International Journal of Scientific Research in Computer Sciences and Engineering,10.26438/ijsrcse/v6i5.1015,Other / general Sybil defence,pdfs/2018_Singh_Evaluation_of_proposed_technique_for_detection_of_Sybil_attack_in_VANET.pdf,http://www.isroset.org/pub_paper/IJSRCSE/3-IJSRCSE-01335.pdf,https://doi.org/10.26438/ijsrcse/v6i5.1015
,2016,4,Sybil Attack Detection in Vehicular Networks,Bharat Jayaraman; Jinesh M. Kannimoola; Krishnashree Achuthan,,10.1201/b19516-5,Other / general Sybil defence,,http://arxiv.org/abs/1905.03507,https://doi.org/10.1201/b19516-5
,2012,4,Survey of Various Approaches To Countermeasure Sybil Attack,Karamjeet Kaur; Sanjay Batish; Arvind Kakaria,International Journal of Computer Science and Informatics,10.47893/ijcsi.2012.1077,Surveys & reviews,,https://doi.org/10.47893/ijcsi.2012.1077,https://doi.org/10.47893/ijcsi.2012.1077
YES,2011,4,Distributed Sybil Attack Detection in VANET,Reza Mortazavi; Maryam Rahbari,International Journal of Computer Applications,10.5120/3704-5192,"Cryptography, PKI & pseudonyms",pdfs/2011_Mortazavi_Distributed_Sybil_Attack_Detection_in_VANET.pdf,https://doi.org/10.5120/3704-5192,https://doi.org/10.5120/3704-5192
,2011,4,Sybil Attack in VANETs: Detection and Prevention,M.S. GAUR JYOTI GROVER,Auerbach Publications eBooks,10.1201/ebk1439819197-19,Trust / reputation,,,https://doi.org/10.1201/ebk1439819197-19
,2024,3,Detection of Sybil & DDoS attacks in VANET using intelligent technique,Urmila Bhanja; Ankit Majhi; Smrutirekha Sahu; Debapriya Parida,International Journal of Computers and Applications,10.1080/1206212x.2024.2389476,Machine learning / deep learning; Trust / reputation; Datasets & simulation,,,https://doi.org/10.1080/1206212x.2024.2389476
,2024,3,Developing an optimized routing protocol with rumor riding technique for detection of Sybil attack in VANET environment,V. R. Navinkumar; Dhanalakshmi Somasundaram,International Journal of Communication Systems,10.1002/dac.5715,Routing-protocol impact; Datasets & simulation,,https://onlinelibrary.wiley.com/doi/pdfdirect/10.1002/dac.5715,https://doi.org/10.1002/dac.5715
,2024,3,Seeing Is Believing: Detecting the Sybil Attacks in FANETs by Mapping Visual and Auditory Domains,Yanpeng Cui; Qixun Zhang; Zhiyong Feng; Ying Zhou; Zhiqing Wei; Ping Zhang; Jinlin Peng,IEEE Transactions on Vehicular Technology,10.1109/tvt.2024.3377630,RSSI / signal-strength & PHY; Trust / reputation,,,https://doi.org/10.1109/tvt.2024.3377630
,2023,3,Vehicular Platoons Security: A Review with an Emphasis on Sybil Attacks,Yosra Hassine; Haifa Touati,,10.23919/pemwn58813.2023.10304901,Surveys & reviews,,,https://doi.org/10.23919/pemwn58813.2023.10304901
,2022,3,Effective Authentication to Prevent Sybil Attacks in Vehicular Platoons,Danial Ritzuan Junaidi; Maode Ma; Rong Su,"2022 17th International Conference on Control, Automation, Robotics and Vision (ICARCV)",10.1109/icarcv57592.2022.10004350,"Cryptography, PKI & pseudonyms",,https://dr.ntu.edu.sg/bitstream/10356/166640/3/Effective%20Authentication%20to%20Prevent%20Sybil%20Attacks%20in%20Vehicular%20Platoons%20%28003%29.pdf,http://dx.doi.org/10.1109/icarcv57592.2022.10004350
,2021,3,A Novel Recruitment Policy to Defend against Sybils in Vehicular Crowdsourcing,Federico Concone; Fabrizio De Vita; Ajay Pratap; Dario Bruneo; Giuseppe Lo Re; Sajal K. Das,,10.1109/smartcomp52413.2021.00035,"Cryptography, PKI & pseudonyms; Machine learning / deep learning",,,https://doi.org/10.1109/smartcomp52413.2021.00035
,2021,3,Improvement of Sybil Attack Detection in Vehicular Ad-Hoc Networks Using Cross-layer and Fuzzy Logic,Mohamadreza Karimi; Rasool Sadeghi,Majlesi Journal of Electrical Engineering,10.52547/mjee.15.1.9,Trust / reputation; Datasets & simulation,,https://doi.org/10.52547/mjee.15.1.9,https://doi.org/10.52547/mjee.15.1.9
,2020,3,Security Measures in Vehicular Ad-Hoc Networks on the Example of Bogus and Sybil Attacks,Krzysztof Stępień; Aneta Poniszewska-Marańda,Advances in intelligent systems and computing,10.1007/978-3-030-44041-1_38,Other / general Sybil defence,,,https://doi.org/10.1007/978-3-030-44041-1_38
,2018,3,Sybil attack resistant location privacy in VANET,S. Pushpa; Allam Balaram,International Journal of Information and Communication Technology,10.1504/ijict.2018.10013151,"Position / trajectory verification; Cryptography, PKI & pseudonyms; RSU / infrastructure-assisted; Datasets & simulation",,https://pubmed.ncbi.nlm.nih.gov/39771874,https://doi.org/10.1504/ijict.2018.10013151
YES,2016,3,Comparative Analysis of Sybil Attack Detection Techniques in VANETs,Appan Chawla,Indian Journal of Science and Technology,10.17485/ijst/2016/v9i47/106423,"Cryptography, PKI & pseudonyms",pdfs/2016_Chawla_Comparative_Analysis_of_Sybil_Attack_Detection_Techniques_in_VANETs.pdf,https://doi.org/10.17485/ijst/2016/v9i47/106423,https://doi.org/10.17485/ijst/2016/v9i47/106423
,2016,3,Resilient Privacy Preservation Scheme to Detect Sybil Attacks in Vehicular Ad Hoc Networks,Allam Balaram; S. Pushpa,Indian Journal of Science and Technology,10.17485/ijst/2016/v9i48/99870,"Cryptography, PKI & pseudonyms; Trust / reputation; RSU / infrastructure-assisted",,https://doi.org/10.17485/ijst/2016/v9i48/99870,https://doi.org/10.17485/ijst/2016/v9i48/99870
YES,2015,3,Detection of Sybil Attacks in Vehicular Ad Hoc Networks,Muhammad Saad Naveed; M Hasan Islma,Universal Journal of Communications and Network,10.13189/ujcn.2015.030103,Other / general Sybil defence,pdfs/2015_Naveed_Detection_of_Sybil_Attacks_in_Vehicular_Ad_Hoc_Networks.pdf,http://www.hrpub.org/download/20150301/UJCN3-12703308.pdf,https://doi.org/10.13189/ujcn.2015.030103
,2025,2,Detection of Sybil Attacks in Vanet using Transformer With CNN Hybrid Architecture and Optimized by AdamW Optimizer,M Abishek; Benita Gracia Thangam J; Adlin Sheeba; Sundarababu Maddu,,10.1109/icdsaai65575.2025.11011841,Machine learning / deep learning,,,https://doi.org/10.1109/icdsaai65575.2025.11011841
YES,2024,2,Trust‐Aware Sybil Attack Detection for Resilient Vehicular Communication,Thomas A. Morton; Abinash Borah; Anirudh Paranjothi,Internet Technology Letters,10.1002/itl2.617,Position / trajectory verification; Trust / reputation; RSU / infrastructure-assisted; Datasets & simulation,pdfs/2024_Morton_TrustAware_Sybil_Attack_Detection_for_Resilient_Vehicular_Communication.pdf,http://arxiv.org/pdf/2411.07520v1,https://doi.org/10.1002/itl2.617
,2024,2,"Review for ""Trust‐Aware Sybil Attack Detection for Resilient Vehicular Communication""",,,10.1002/itl2.617/v2/review2,Trust / reputation; Surveys & reviews,,,https://doi.org/10.1002/itl2.617/v2/review2
,2024,2,Machine Learning-Based Detection of Data Replay and Data Replay Sybil Attacks for Vehicular Communication Networks,Owana Marzia Moushi; Chamath Gunawardena; Ye Feng; Rose Qingyang Hu; Yi Qian,,10.1109/icc51166.2024.10622192,Machine learning / deep learning; Datasets & simulation,,,https://doi.org/10.1109/icc51166.2024.10622192
,2023,2,Sybil Attack Detection in VANETs using Fog Computing and Beamforming,Abinash Borah; Anirudh Paranjothi,,10.1109/uemcon59035.2023.10316102,Position / trajectory verification; Machine learning / deep learning; Blockchain / distributed ledger; Trust / reputation; RSU / infrastructure-assisted; Routing-protocol impact; Datasets & simulation,,,http://dx.doi.org/10.1109/uemcon59035.2023.10316102
,2023,2,A Taxonomy of Secure Data Transmission Techniques: Preventing Sybil Attacks in Vehicular Ad Hoc Networks,Manmeet Kaur; Farnaz Farid,Lecture notes in networks and systems,10.1007/978-3-031-33743-7_24,Surveys & reviews,,,https://doi.org/10.1007/978-3-031-33743-7_24
,2022,2,Sybil Attack Countermeasures in Vehicular Ad Hoc Networks,Santosh Kumar; Amol Vasudeva; Manu Sood,,10.1109/ciees55704.2022.9990799,RSU / infrastructure-assisted; Surveys & reviews,,,https://doi.org/10.1109/ciees55704.2022.9990799
,2022,2,Sybil Attack Detection on ITS-V2X System using a Realistic Traffic Model-based Approach,Afdhal Afdhal; Ahmadiar Ahmadiar; Ramzi Adriman,,10.1109/comnetsat56033.2022.9994541,Position / trajectory verification,,,http://dx.doi.org/10.1109/comnetsat56033.2022.9994541
,2020,2,Privacy Aware Prevention of Sybil Attack in Vehicular Ad Hoc Networks,Rajeev Kumar; Naveen Chauhan; Pushpender Kumar; Narottam Chand; Adil Umar Khan,Advances in intelligent systems and computing,10.1007/978-3-030-40305-8_18,Other / general Sybil defence,,,https://doi.org/10.1007/978-3-030-40305-8_18
,2020,2,Preserving Location Privacy in the Presence of Sybil Attacks in Vehicular Ad Hoc Networks,Allam Balaram; P. Chandana; Manda Silparaj,Solid State Technology,,"Cryptography, PKI & pseudonyms; Trust / reputation; RSU / infrastructure-assisted",,,http://solidstatetechnology.us/index.php/JSST/article/view/3445
,2020,2,Extensive Detection of Sybil Attack using Spider Monkey Time Synchronization Technique in VANETs,Indhuja; M Kowshika; Kamsali Naveena; Purni,AIJR Abstracts,,Other / general Sybil defence,,,https://books.aijr.org/index.php/press/catalog/book/90/chapter/319
YES,2020,2,Sybil Attack Behavior Detection for V2x Based on Traffic Statistics,佳健 吕,Computer Science and Application,10.12677/csa.2020.1012229,Other / general Sybil defence,pdfs/2020_anon_Sybil_Attack_Behavior_Detection_for_V2x_Based_on_Traffic_Statistics.pdf,,https://doi.org/10.12677/csa.2020.1012229
,2019,2,Exploring the Effects of Sybil Attack on Pure Ad Hoc Deployment of VANET,Nishtha; Manu Sood,Lecture notes in electrical engineering,10.1007/978-3-030-29407-6_26,Other / general Sybil defence,,,https://doi.org/10.1007/978-3-030-29407-6_26
YES,2019,2,Defending Against Sybil Attacks by Enhanced Event Based Reputation System in Vanet,Kunal J. Dutt; Seema Joshi,International Journal of Engineering and Advanced Technology,10.35940/ijeat.b3910.129219,Trust / reputation; RSU / infrastructure-assisted,pdfs/2019_Dutt_Defending_Against_Sybil_Attacks_by_Enhanced_Event_Based_Reputation_System_in_Vanet.pdf,https://doi.org/10.35940/ijeat.b3910.129219,https://doi.org/10.35940/ijeat.b3910.129219
,2017,2,Beyond passive detection of sybil attacks in VANET,Mohamed S. Mohamed; Prajjwol Dandekhya; Axel Krings,,10.1109/icrito.2017.8342456,Other / general Sybil defence,,,https://doi.org/10.1109/icrito.2017.8342456
YES,2016,2,Comparative Analysis of Sybil Attack Detection Techniques in VANETs,Appan Chawla; Rajeev Kumar Patial; Dilip Kumar,Indian Journal of Science and Technology,10.17485/ijst/2015/v8i1/106423,Other / general Sybil defence,pdfs/2016_Chawla_Comparative_Analysis_of_Sybil_Attack_Detection_Techniques_in_VANETs.pdf,https://doi.org/10.17485/ijst/2015/v8i1/106423,https://doi.org/10.17485/ijst/2015/v8i1/106423
,2015,2,A Comparative Analysis of Sybil Attacks on VANET,Rohika Bhatt; Parveen Thakur,,10.7815/ijorcs.51.2015.095,"Cryptography, PKI & pseudonyms; Surveys & reviews",,,http://www.ijorcs.org/uploads/archive/vol5-iss2-02-a-comparative-analysis-of-sybil-attacks-on-vanet.pdf
YES,2015,2,Sybil Node Detection and Prevention Approach on Physical Location in VANET,Priyanka Soni; Abhilash Sharma,International Journal of Computer Applications,10.5120/ijca2015906757,Position / trajectory verification; Routing-protocol impact,pdfs/2015_Soni_Sybil_Node_Detection_and_Prevention_Approach_on_Physical_Location_in_VANET.pdf,https://doi.org/10.5120/ijca2015906757,https://doi.org/10.5120/ijca2015906757
YES,2014,2,Improved Session key based Certificate to Detect Sybil Attack in VANET,Ravi Prakash; Kamal Soni,,,"Cryptography, PKI & pseudonyms",pdfs/2014_Prakash_Improved_Session_key_based_Certificate_to_Detect_Sybil_Attack_in_VANET.pdf,,https://www.ijert.org/research/improved-session-key-based-certificate-to-detect-sybil-attack-in-vanet-IJERTV3IS050501.pdf
YES,2026,1,Sybil Attack Prevention and Detection Mechanism in VANET Based on Multi-factor Authentication,Ermias Tadesse; Abubeker Girma; Abebaw Mebrte,International Journal of Information and Communication Sciences,10.11648/j.ijics.20261101.11,"Cryptography, PKI & pseudonyms",pdfs/2026_Tadesse_Sybil_Attack_Prevention_and_Detection_Mechanism_in_VANET_Based_on_Multifactor_Authenticati.pdf,http://article.sciencepg.com/pdf/j.ijics.20261101.11,https://doi.org/10.11648/j.ijics.20261101.11
,2025,1,A Deep Learning Approach to Detecting Multiple Types of Sybil Nodes in VANETs,Dong Tang; Aniket Mahanti; Ranesh Kumar Naha; Vishwambhar Pathak; Mei Gong,,10.1145/3773274.3774695,Position / trajectory verification; Machine learning / deep learning; Datasets & simulation,,https://doi.org/10.1145/3773274.3774695,https://doi.org/10.1145/3773274.3774695
YES,2025,1,Sybil Attack Detection in VANET Using CNN Enhanced with Chaotic Maps and Elephant Herding Optimization for Secure Data Transmission,K. Suganyadevi; A. Swaminathan; Baskar Kasi; Misso Anju,Journal of Machine and Computing,10.53759/7669/jmc202505097,Machine learning / deep learning; RSU / infrastructure-assisted; Routing-protocol impact,pdfs/2025_Suganyadevi_Sybil_Attack_Detection_in_VANET_Using_CNN_Enhanced_with_Chaotic_Maps_and_Elephant_Herding.pdf,https://anapub.co.ke/journals/jmc/jmc_pdf/2025/jmc_volume_5-issue_2/JMC202505097.pdf,https://doi.org/10.53759/7669/jmc202505097
YES,2025,1,A better way to detect sybil attacks in vehiuclar ad hoc networks,Z. Cihan Taysi,DÜMF Mühendislik Dergisi,10.24012/dumf.1578650,"RSSI / signal-strength & PHY; Cryptography, PKI & pseudonyms; Machine learning / deep learning",pdfs/2025_Taysi_A_better_way_to_detect_sybil_attacks_in_vehiuclar_ad_hoc_networks.pdf,https://doi.org/10.24012/dumf.1578650,https://doi.org/10.24012/dumf.1578650
,2025,1,XGSybil :A Framework for Modeling and Identifying Sybil Attacks in Intelligent Transportation Systems,Hemanth S Patel; M. Taqiuddin Khan; Aysha Rahbar; S Nagasundari; N.P. Yashwanth,,10.1109/sceecs64059.2025.10941296,Machine learning / deep learning; Datasets & simulation,,,https://doi.org/10.1109/sceecs64059.2025.10941296
,2024,1,MVDetector: Malicious Vehicles Detection Under Sybil Attacks in VANETs,Yi‐Ming Wei; Wanting Qi; Zechuan Li; Yong Han; Yingxu Lai,Lecture notes in computer science,10.1007/978-3-031-75764-8_16,Other / general Sybil defence,,,https://doi.org/10.1007/978-3-031-75764-8_16
,2024,1,Detection and Prevention of Black Hole Attack and Sybil Attack in Vehicular Ad Hoc Networks,Dhananjay Yadav; Nirbhay Kumar Chaubey,Communications in computer and information science,10.1007/978-3-031-75170-7_13,Other / general Sybil defence,,,https://doi.org/10.1007/978-3-031-75170-7_13
,2024,1,Evaluating multidimensional RSSI-based approaches for identifying Sybil nodes in VANETs to improve vehicle network security,G. Shobana; Arockia Xavier Annie Rayan,International Journal of Ad Hoc and Ubiquitous Computing,10.1504/ijahuc.2024.140667,RSSI / signal-strength & PHY,,,https://doi.org/10.1504/ijahuc.2024.140667
,2023,1,A LightGBM-Based Approach to improve Sybil Attack Detection in VANET networks,Habiba Hadri; Mourad Ouadou; Khalid Minaoui,,10.1109/wincom59760.2023.10323017,Position / trajectory verification; Machine learning / deep learning; RSU / infrastructure-assisted; Datasets & simulation,,,http://dx.doi.org/10.1109/wincom59760.2023.10323017
,2023,1,Handle the Sybil Attack Using Hash Technique in Vehicular Ad Hoc Networks,A. Mummoorthy; N. S. Gowri Ganesh; R. Roopa Chandrika; P. Swetha,"Smart innovation, systems and technologies",10.1007/978-981-19-8497-6_16,Other / general Sybil defence,,,https://doi.org/10.1007/978-981-19-8497-6_16
,2022,1,AN IMPLEMENTATION OF HYBRID APPROACH FOR SYBIL ATTACKS IN VEHICULAR AD-HOC NETWORKS (VANETS),Sireesha Kakulla; Srinivas Malladi,Indian Journal of Computer Science and Engineering,10.21817/indjcse/2022/v13i2/221302162,"Position / trajectory verification; Cryptography, PKI & pseudonyms; Routing-protocol impact; Datasets & simulation",,http://www.ijcse.com/docs/INDJCSE22-13-02-162.pdf,https://doi.org/10.21817/indjcse/2022/v13i2/221302162
,2022,1,An Efficient Sybil Attack Detection Approach for Vehicular Ad-Hoc Networks,Durgesh Lohar; Sanjaya Kumar Panda; Slokashree Padhi; Sanjib Kumar Nayak,,10.1109/pdgc56933.2022.10053148,RSU / infrastructure-assisted; Routing-protocol impact; Datasets & simulation,,,https://doi.org/10.1109/pdgc56933.2022.10053148
,2022,1,Detection Method to Eliminate Sybil Attacks in Vehicular Ad-Hoc Networks,Zhaoyi Zhang; Yingxu Lai; Ye Chen; Jingwen Wei; Yuhang Wang,SSRN Electronic Journal,10.2139/ssrn.4197622,Other / general Sybil defence,,https://doi.org/10.2139/ssrn.4197622,https://doi.org/10.2139/ssrn.4197622
,2022,1,Phishing and Sybil Enhanced Behavior Processing and Footprint Algorithms in Vehicular Ad Hoc Network,Sireesha Kakulla; Srinivas Malladi,International Journal of Safety and Security Engineering,10.18280/ijsse.120111,Position / trajectory verification; RSU / infrastructure-assisted,,,https://doi.org/10.18280/ijsse.120111
,2022,1,Perturbation by Sybil Attack in Clustering for Open IVC Networks (COIN) Protocol—A Protocol in Cluster-Based Routing Category for Infrastructure-Less VANETs,Nishtha; Devaashish Sharma; Manu Sood,Lecture notes in electrical engineering,10.1007/978-981-16-8892-8_27,RSU / infrastructure-assisted; Routing-protocol impact,,,https://doi.org/10.1007/978-981-16-8892-8_27
YES,2020,1,A SURVEY OF SYBIL ATTACK DETECTION IN VANETS,M. Preetha; E. Pavithra; P. Sudharshna; S. Rakshini,International Journal of Engineering Applied Sciences and Technology,10.33564/ijeast.2020.v04i11.047,RSSI / signal-strength & PHY; Trust / reputation; Surveys & reviews; Datasets & simulation,pdfs/2020_Preetha_A_SURVEY_OF_SYBIL_ATTACK_DETECTION_IN_VANETS.pdf,https://doi.org/10.33564/ijeast.2020.v04i11.047,https://doi.org/10.33564/ijeast.2020.v04i11.047
YES,2020,1,Sybil Attack Detection in Vehicular Ad-hoc Networks using Direct Trust Calculation,Sunil Kumar; Prof. Ramesh Babu D R,International Journal of Innovative Technology and Exploring Engineering,10.35940/ijitee.j7392.0891020,Trust / reputation; RSU / infrastructure-assisted; Datasets & simulation,pdfs/2020_Kumar_Sybil_Attack_Detection_in_Vehicular_Adhoc_Networks_using_Direct_Trust_Calculation.pdf,https://doi.org/10.35940/ijitee.j7392.0891020,https://doi.org/10.35940/ijitee.j7392.0891020
,2019,1,Enhanced Security Mechanism to Detect Sybil Attacks in VANETs,"Shambel, Tseggaye Getaneh",National Academic Digital Repository of Ethiopia,10.20372/nadre/6273,RSU / infrastructure-assisted; Routing-protocol impact; Datasets & simulation,,https://doi.org/10.20372/nadre/6273,https://doi.org/10.20372/nadre/6273
YES,2019,1,Hash Based Co-Operative Method To Handle Sybil Attack Sequences In Vehicular Ad Hoc Networks,B. Vinoth Kumar; Shilpa Sharma,International Journal of Engineering and Advanced Technology,10.35940/ijeat.f1190.0886s19,"Cryptography, PKI & pseudonyms; Datasets & simulation",pdfs/2019_Kumar_Hash_Based_CoOperative_Method_To_Handle_Sybil_Attack_Sequences_In_Vehicular_Ad_Hoc_Network.pdf,https://doi.org/10.35940/ijeat.f1190.0886s19,https://doi.org/10.35940/ijeat.f1190.0886s19
,2018,1,Detection of Sybil Attack in VANETs,Kamaljit Kaur; Amandeep Kaur,International Journal of Emerging Research in Management and Technology,10.23956/ijermt.v6i6.285,Surveys & reviews; Routing-protocol impact,,,https://doi.org/10.23956/ijermt.v6i6.285
YES,2017,1,A Novel Mechanism of Detection of Sybil Attack in Vanet using Timestamp Approach,,International Journal of Innovations in Engineering and Technology,10.21172/ijiet.81.028,Datasets & simulation,pdfs/2017_anon_A_Novel_Mechanism_of_Detection_of_Sybil_Attack_in_Vanet_using_Timestamp_Approach.pdf,https://doi.org/10.21172/ijiet.81.028,https://doi.org/10.21172/ijiet.81.028
,2016,1,Sybil Attack Detection in Vehicular Networks,Bharat Jayaraman; Jinesh M. Kannimoola; Krishnashree Achuthan,,10.1201/b19516-9,RSU / infrastructure-assisted,,http://arxiv.org/abs/1905.03507,https://doi.org/10.1201/b19516-9
YES,2015,1,Mitigation of Sybil Attack Using Location Aware Nodes in VANET,,International Journal of Science and Research (IJSR),10.21275/v4i11.sub159163,Other / general Sybil defence,pdfs/2015_anon_Mitigation_of_Sybil_Attack_Using_Location_Aware_Nodes_in_VANET.pdf,https://doi.org/10.21275/v4i11.sub159163,https://doi.org/10.21275/v4i11.sub159163
YES,2015,1,VANET Security against Sybil Attack by Using New SRAN Routing Protocol,Omkar Shete; Sachin P. Godse,International Journal of Computer Applications Technology and Research,10.7753/ijcatr0407.1009,RSU / infrastructure-assisted; Routing-protocol impact,pdfs/2015_Shete_VANET_Security_against_Sybil_Attack_by_Using_New_SRAN_Routing_Protocol.pdf,https://doi.org/10.7753/ijcatr0407.1009,http://doi.org/10.7753/ijcatr0407.1009
,2015,1,Sybil attack resistant cryptographic Traffic Information dissemination in VuC,Ajudiya Vandan,International Journal of Innovative Research in Computer and Communication Engineering,10.15680/ijircce.2015.0303015,RSU / infrastructure-assisted; Routing-protocol impact,,,https://doi.org/10.15680/ijircce.2015.0303015
,2014,1,A novel approach to detect Sybil attacks in Vehicular Ad Hoc Networks,A. Sundhari; Y. Bevish Jinila,,10.1109/ecs.2014.6892622,RSU / infrastructure-assisted,,,https://doi.org/10.1109/ecs.2014.6892622
,2012,1,- Detecting Sybil Attacks in Vehicular Ad Hoc Networks*,Tong Zhou; Romit Roy Choudhury; Peng Ning; Krishnendu Chakrabarty,,10.1201/b12988-21,"Cryptography, PKI & pseudonyms; Routing-protocol impact",,https://api.taylorfrancis.com/content/chapters/edit/download?identifierName=doi&identifierValue=10.1201/b12988-21&type=chapterpdf,https://doi.org/10.1201/b12988-21
,2026,,Traffic Congestion Sybil Attack Detection in VANET,Sarthak Khanduja; Arunita Jaekel,Communications in computer and information science,10.1007/978-3-032-14893-3_12,Other / general Sybil defence,,,https://doi.org/10.1007/978-3-032-14893-3_12
,2026,,LSTM–AttnAE: A Hybrid Model for Sybil Attack Detection in VANETs,Hailing Bao; Ligang Cong; Xu Liu; Qingyun Liang; Rongpu Wang,Journal of Advanced Computational Intelligence and Intelligent Informatics,10.20965/jaciii.2026.p1231,Machine learning / deep learning; Datasets & simulation,,https://doi.org/10.20965/jaciii.2026.p1231,https://doi.org/10.20965/jaciii.2026.p1231
,2026,,Dynamic $\boldsymbol{K}$-Means Clustering for Sybil Attack Detection in VANETs,Gideon Adele; Anirudh Paranjothi; Mohammad S. Khan,,10.1109/ccwc67433.2026.11393880,Datasets & simulation,,,https://doi.org/10.1109/ccwc67433.2026.11393880
,2026,,Phantom Jam Sybil Attack Against Vehicular Networks,Colby Cook; Ahmed Mohamed; Mengjun Xie,,10.1109/imns67862.2026.11655306,Other / general Sybil defence,,,https://doi.org/10.1109/imns67862.2026.11655306
YES,2026,,A Robust Framework for Sybil Attack Detection in Vehicular Ad Hoc Networks,Md. Sadmin Tahmid Khan; Md. Saim Ahmmed Utsho; Mosarrat Jahan,arXiv (Cornell University),10.48550/arxiv.2606.11667,Position / trajectory verification; RSU / infrastructure-assisted,pdfs/2026_Khan_A_Robust_Framework_for_Sybil_Attack_Detection_in_Vehicular_Ad_Hoc_Networks.pdf,https://doi.org/10.48550/arxiv.2606.11667,https://doi.org/10.48550/arxiv.2606.11667
YES,2026,,A Robust Framework for Sybil Attack Detection in Vehicular Ad Hoc Networks,Md. Sadmin Tahmid Khan; Md. Saim Ahmmed Utsho; Mosarrat Jahan,arXiv (Cornell University),,Position / trajectory verification; RSU / infrastructure-assisted,pdfs/2026_Khan_A_Robust_Framework_for_Sybil_Attack_Detection_in_Vehicular_Ad_Hoc_Networks.pdf,https://arxiv.org/pdf/2606.11667,https://arxiv.org/abs/2606.11667
,2026,,UAVSyDM: UAV-assisted sybil attack detection mechanism in vehicular Ad Hoc networks,Santosh Kumar; Amol Vasudeva; Manu Sood,Vehicular Communications,10.1016/j.vehcom.2026.101021,Other / general Sybil defence,,,https://doi.org/10.1016/j.vehcom.2026.101021
,2026,,Fog Assisted Federated Learning based Sybil Detection and Prevention Framework for 5G-enabled VANETs,A. Devi; S. Ohmshankar; D. Palani; A. Amirthasaravanan; Sanchith Shanmugha Sundram. R; E. Abinaya,,10.1109/wispnet69615.2026.11489411,Machine learning / deep learning; RSU / infrastructure-assisted,,,https://doi.org/10.1109/wispnet69615.2026.11489411
,2026,,Sybil Attack Detection in VANETs: A Forgetting-Aware Approach Using Stochastic Gradient Descent with Exponential Weight Decay,Gideon  Oluwasegun Adele; Anirudh Paranjothi; Johnson Thomas,SSRN Electronic Journal,10.2139/ssrn.7265298,Other / general Sybil defence,,https://doi.org/10.2139/ssrn.7265298,https://doi.org/10.2139/ssrn.7265298
,2026,,AFog-Based Decentralized Lightweight Revocation Protocol for Sybil-Resistant 5G Vehicular Networks,Mohanad Ahmed Abdulrazzaq Diwan Alzamili; Aymen A. Hameed; Nada Mohammed Hassan Moter; Jalal M. H. Altmemi; Mahmood A. Al-Shareeda; Mohammed Amin; Rami Shehab,International Journal of Robotics and Control Systems,10.31763/ijrcs.v6i1.2439,"Cryptography, PKI & pseudonyms; Blockchain / distributed ledger; Trust / reputation; RSU / infrastructure-assisted; Datasets & simulation",,https://doi.org/10.31763/ijrcs.v6i1.2439,https://doi.org/10.31763/ijrcs.v6i1.2439
YES,2026,,EFLO_QDCNN: Exponential Frilled Lizard Optimization_ Quantum Dilated Convolutional Neural Network for Sybil attack detection in VANET,Vinay Kumar S B,Journal of Networking and Communication Systems (JNACS),10.46253/jnacs.v9i1.a4,Machine learning / deep learning; Routing-protocol impact; Datasets & simulation,pdfs/2026_B_EFLOQDCNN_Exponential_Frilled_Lizard_Optimization_Quantum_Dilated_Convolutional_Neural_Net.pdf,https://publisher.resbee.org/jnacs/archive/v9i1/a4/p4.pdf,https://doi.org/10.46253/jnacs.v9i1.a4
,2026,,Retraction Note: Sybil Attack with RSU Detection and Location Privacy in Urban VANETs: An Efficient EPORP Technique,Nitha C. Velayudhan; A. Anitha; Mukesh Madanan,Wireless Personal Communications,10.1007/s11277-026-11968-8,RSU / infrastructure-assisted,,https://link.springer.com/content/pdf/10.1007/s11277-026-11968-8.pdf,https://doi.org/10.1007/s11277-026-11968-8
YES,2026,,A Novel Approach to Sybil Attack Detection in VANETs Using Verifiable Delay Functions and Hierarchical Fog-Cloud Architecture,Habiba Hadri; Mourad Ouadou; Khalid Minaoui,Journal of Cybersecurity and Privacy,10.3390/jcp6020059,Machine learning / deep learning; RSU / infrastructure-assisted; Datasets & simulation,pdfs/2026_Hadri_A_Novel_Approach_to_Sybil_Attack_Detection_in_VANETs_Using_Verifiable_Delay_Functions_and.pdf,https://www.mdpi.com/2624-800X/6/2/59/pdf?version=1775012751,https://doi.org/10.3390/jcp6020059
,2026,,Vision-augmented split-attention neural architectures for Sybil resilience via chaos-driven secure elliptic key synthesis to assured data exchange in CR-VANETs,Deepika Arunachalavel; N. Pandeeswari,Smart Science,10.1080/23080477.2026.2635104,Machine learning / deep learning; RSU / infrastructure-assisted; Datasets & simulation,,,https://doi.org/10.1080/23080477.2026.2635104
,2026,,Mitigating Sybil Attacks in V2X Communication Through Cryptographic Trust Anchors,Maher Fayyad; Abdullah Awad; Edison Pignaton de Freitas; Wagner Ourique de Morais; Alexandre dos Santos Roque,,10.1109/ficloud70576.2026.00019,Trust / reputation,,,https://doi.org/10.1109/ficloud70576.2026.00019
YES,2025,,Survey on Sybil Attack Detection in VANET,Balajee Maram,Multimedia Research,10.46253/j.mr.v8i4.a4,Machine learning / deep learning; RSU / infrastructure-assisted; Surveys & reviews; Routing-protocol impact,pdfs/2025_Maram_Survey_on_Sybil_Attack_Detection_in_VANET.pdf,https://publisher.resbee.org/mr/archive/v8i4/a4/p4.pdf,https://doi.org/10.46253/j.mr.v8i4.a4
YES,2025,,A Real-Time Sybil Attack Detection for Vehicular Ad Hoc Networks (VANETS) Using Spatio-Temporal Learning and XGBoost,Seyed Salar Sefati; Astik Kumar Samal; Octavian Fratu; Simona Halunga,,10.1109/wpmc67460.2025.11351272,Machine learning / deep learning; Trust / reputation; RSU / infrastructure-assisted; Datasets & simulation,pdfs/2025_Sefati_A_RealTime_Sybil_Attack_Detection_for_Vehicular_Ad_Hoc_Networks_VANETS_Using_SpatioTempora.pdf,https://zenodo.org/records/20842532,https://doi.org/10.1109/wpmc67460.2025.11351272
YES,2025,,Real-time Sybil Attack Detection Based on Channel Characterization in VANET,Reham Almesaeed,International Journal of Computer Network and Information Security,10.5815/ijcnis.2025.04.05,RSSI / signal-strength & PHY; Trust / reputation; RSU / infrastructure-assisted,pdfs/2025_Almesaeed_Realtime_Sybil_Attack_Detection_Based_on_Channel_Characterization_in_VANET.pdf,https://www.mecs-press.org/ijcnis/ijcnis-v17-n4/IJCNIS-V17-N4-5.pdf,https://doi.org/10.5815/ijcnis.2025.04.05
,2025,,Strong anonymous batch authentication scheme against sybil attack in VANET,Zeyu Man; Senshan Pan; Zhiwei Xu; M. Ye,Wireless Networks,10.1007/s11276-025-04002-5,"Cryptography, PKI & pseudonyms",,,https://doi.org/10.1007/s11276-025-04002-5
,2025,,Sybil Attack Detection and Prevention Using Dynamic Trust Mechanism in VANETs,Ashish Kumar Khare; Aradhana Saxena; Saurabh Suman; Ankita Shrivastava; Kamlesh Chandravanshi,,10.1109/ictbig68706.2025.11323646,Trust / reputation; RSU / infrastructure-assisted,,,https://doi.org/10.1109/ictbig68706.2025.11323646
,2025,,SYBIL ATTACK DETECTION IN VANET USING CNN BASED LSTM FRAMEWORK MODEL,N Mageshkumar; J Joshua Bapu,International Journal of Data Science and Artificial Intelligence,10.66135/ijdsai0302p004,Machine learning / deep learning; Datasets & simulation,,,https://doi.org/10.66135/ijdsai0302p004
YES,2025,,Design and Develop a Trust based Scheme for Sybil Attacker Detection and Prevention in VANETs,Ashish Chourey; Sitesh Kumar Sinha -; Banshi Lal Patidar -,International Journal For Multidisciplinary Research,10.36948/ijfmr.2025.v07i01.38087,Trust / reputation; RSU / infrastructure-assisted; Datasets & simulation,pdfs/2025_Chourey_Design_and_Develop_a_Trust_based_Scheme_for_Sybil_Attacker_Detection_and_Prevention_in_VAN.pdf,https://doi.org/10.36948/ijfmr.2025.v07i01.38087,https://doi.org/10.36948/ijfmr.2025.v07i01.38087
,2025,,Sybil Attack Prevention and Detection Mechanism in VANET Based on Multi-Factor Authentication,Ermias Melku Tadesse; Abubeker Girma; Abebaw Mebrate,Preprints.org,10.20944/preprints202511.1163.v1,"Cryptography, PKI & pseudonyms",,https://www.preprints.org/frontend/manuscript/8a16c9454238541c73130a30e8dbb41b/download_pub,https://doi.org/10.20944/preprints202511.1163.v1
,2025,,A Secure VANETs Model -Preventing Sybil Attacks With Computational And Location-Base Poof,Pawar Shivani; Meghana Pandita; Lakshmi Prasanna,SSRN Electronic Journal,10.2139/ssrn.5236504,Other / general Sybil defence,,https://doi.org/10.2139/ssrn.5236504,https://doi.org/10.2139/ssrn.5236504
YES,2025,,ON DISRUPTION OF EXISTING ROUTING PROTOCOLS BY SYBIL ATTACK ON VEHICLE TO VEHICLE COMMUNICATION IN VEHICULAR AD HOC NETWORKS,Nishtha,Zenodo (CERN European Organization for Nuclear Research),10.5281/zenodo.19283933,RSU / infrastructure-assisted; Routing-protocol impact,pdfs/2025_Nishtha_ON_DISRUPTION_OF_EXISTING_ROUTING_PROTOCOLS_BY_SYBIL_ATTACK_ON_VEHICLE_TO_VEHICLE_COMMUNIC.pdf,https://ierj.in/journal/index.php/ierj/article/download/5095/6403,https://ierj.in/journal/index.php/ierj/article/view/5095
YES,2025,,ON DISRUPTION OF EXISTING ROUTING PROTOCOLS BY SYBIL ATTACK ON VEHICLE TO VEHICLE COMMUNICATION IN VEHICULAR AD HOC NETWORKS,Nishtha,International Education and Research Journal,10.5281/zenodo.19283932,RSU / infrastructure-assisted; Routing-protocol impact,pdfs/2025_Nishtha_ON_DISRUPTION_OF_EXISTING_ROUTING_PROTOCOLS_BY_SYBIL_ATTACK_ON_VEHICLE_TO_VEHICLE_COMMUNIC.pdf,https://doi.org/10.5281/zenodo.19283932,https://doi.org/10.5281/zenodo.19283932
,2025,,Real-Time Sybil Attack Detection in Vehicular Networks Using Simulation-Based Machine Learning,Wasim A. Ali; Mohsen S. Alsaadi; Michèle Roccotelli; Agostino Marcello Mangini; Maria Pia Fanti,,10.1109/wincom65874.2025.11313436,Machine learning / deep learning; RSU / infrastructure-assisted; Datasets & simulation,,,https://doi.org/10.1109/wincom65874.2025.11313436
,2025,,"Securing VANET from Sybil Attack using ECC, DSA, SAD and Detecting using Hybrid Model",K MADHUSHRI; Dr.R.Arockia Xavier Annie,International Journal for Research Trends and Innovation,10.56975/ijrti.v10i12.208705,"Position / trajectory verification; Cryptography, PKI & pseudonyms; Machine learning / deep learning; Datasets & simulation",,https://www.ijrti.org/papers/IJRTI2512134.pdf,https://doi.org/10.56975/ijrti.v10i12.208705
YES,2025,,Adaptive Ship Rescue Optimization Enabled Deep Learning for Sybil Attack Detection with Secure Transmission in Urban VANET,Nitha C Velayudhan; Arun Pradeep; Mukesh Madanan,International Journal of Electronics and Communication Engineering,10.14445/23488549/ijece-v12i8p102,Machine learning / deep learning; Routing-protocol impact; Datasets & simulation,pdfs/2025_Velayudhan_Adaptive_Ship_Rescue_Optimization_Enabled_Deep_Learning_for_Sybil_Attack_Detection_with_Se.pdf,https://www.internationaljournalssrg.org/../IJECE/2025/Volume12-Issue8/IJECE-V12I8P102.pdf,https://doi.org/10.14445/23488549/ijece-v12i8p102
,2025,,Securing vehicular ad-hoc networks against DDoS and Sybil attacks via machine learning techniques,Hussain Almajed; Munam Ali Shah,IET conference proceedings.,10.1049/icp.2025.2977,Machine learning / deep learning; RSU / infrastructure-assisted; Surveys & reviews; Datasets & simulation,,,https://doi.org/10.1049/icp.2025.2977
,2025,,Sybil Attack Detection in Urban VANET Using Exponentially Spider-Tailed Viper Optimization Based Shuffle Attention Network,Nitha C. Velayudhan; Mukesh Madanan; R Sreemol; Neethu P R,,10.1109/icamac67779.2025.11398660,Position / trajectory verification; RSU / infrastructure-assisted; Routing-protocol impact; Datasets & simulation,,,https://doi.org/10.1109/icamac67779.2025.11398660
,2025,,Sybil Attack Detection in Vehicular Ad Hoc Networks Based on Transformer-CNN Model: An Interactive Security Study,Wan Wei,,10.1109/icsece65727.2025.11256944,Machine learning / deep learning,,,https://doi.org/10.1109/icsece65727.2025.11256944
YES,2025,,EXPLORING VULNERABILITY OF TOPOLOGY-BASED ROUTING PROTOCOLS TO SYBIL ATTACK IN PURE VEHICULAR AD HOC NETWORK,Nishtha,,10.5281/zenodo.19281533,RSU / infrastructure-assisted; Routing-protocol impact; Datasets & simulation,pdfs/2025_Nishtha_EXPLORING_VULNERABILITY_OF_TOPOLOGYBASED_ROUTING_PROTOCOLS_TO_SYBIL_ATTACK_IN_PURE_VEHICUL.pdf,https://ierj.in/journal/index.php/ierj/article/view/5096,https://ierj.in/journal/index.php/ierj/article/view/5096
YES,2025,,EXPLORING VULNERABILITY OF TOPOLOGY-BASED ROUTING PROTOCOLS TO SYBIL ATTACK IN PURE VEHICULAR AD HOC NETWORK,Nishtha,Zenodo (CERN European Organization for Nuclear Research),10.5281/zenodo.19281535,RSU / infrastructure-assisted; Routing-protocol impact; Datasets & simulation,pdfs/2025_Nishtha_EXPLORING_VULNERABILITY_OF_TOPOLOGYBASED_ROUTING_PROTOCOLS_TO_SYBIL_ATTACK_IN_PURE_VEHICUL.pdf,https://ierj.in/journal/index.php/ierj/article/view/5096,https://ierj.in/journal/index.php/ierj/article/view/5096
,2025,,Detection and Mitigation of Sybil Attack using Trust based Authentication scheme,M R Dharun; Ajay Krishna A S; M. Gayathri,,10.1109/icscds65426.2025.11166979,"RSSI / signal-strength & PHY; Position / trajectory verification; Cryptography, PKI & pseudonyms; Trust / reputation; RSU / infrastructure-assisted; Datasets & simulation",,,https://doi.org/10.1109/icscds65426.2025.11166979
YES,2025,,On the Impact of Sybil-based Attacks on Mobile Crowdsensing for Transportation,Alexander Söderhäll; Zahra Alimadadi; Panos Papadimitratos,arXiv preprint,10.1109/percomworkshops65533.2025.00113,Routing-protocol impact; Datasets & simulation,pdfs/2025_Sderhll_On_the_Impact_of_Sybilbased_Attacks_on_Mobile_Crowdsensing_for_Transportation.pdf,https://arxiv.org/pdf/2506.20585,https://doi.org/10.1109/percomworkshops65533.2025.00113
,2025,,ENHANCING NETWORK SECURITY WITH A HYBRID NEURAL FUSION NETWORK FOR SYBIL ATTACK DETECTION,"Sharon Nisha, M",Mendeley Data,10.17632/gpx9jkf5vf,Machine learning / deep learning; RSU / infrastructure-assisted; Datasets & simulation,,https://doi.org/10.17632/gpx9jkf5vf,https://doi.org/10.17632/gpx9jkf5vf
,2025,,ENHANCING NETWORK SECURITY WITH A HYBRID NEURAL FUSION NETWORK FOR SYBIL ATTACK DETECTION,"Sharon Nisha, M",Mendeley Data,10.17632/gpx9jkf5vf.1,Machine learning / deep learning; RSU / infrastructure-assisted; Datasets & simulation,,https://doi.org/10.17632/gpx9jkf5vf.1,https://doi.org/10.17632/gpx9jkf5vf.1
,2025,,Decentralized Sybil Attack Mitigation Using Bayesian-Stackelberg Games in V2X Networks,Ahmed Didouh; Mohamed Amine Bouzaidi Tiali; Marwane Ayaida; Yassin El Hilali; Atika Rivenq-Menhaj,,10.1109/globecom59602.2025.11432460,"Cryptography, PKI & pseudonyms; Blockchain / distributed ledger; Trust / reputation; RSU / infrastructure-assisted; Datasets & simulation",,,https://doi.org/10.1109/globecom59602.2025.11432460
,2025,,An Authentication Scheme Against Sybil Attacks Based on TLC in the IoV,Huiyong Liu; Congcong Li; Zirui Shao; Di Luan; Nan Wang,IEEE Transactions on Vehicular Technology,10.1109/tvt.2025.3556851,"Cryptography, PKI & pseudonyms; Routing-protocol impact",,,https://doi.org/10.1109/tvt.2025.3556851
YES,2025,,Sybil-resistant and privacy-preserving authentication based on short-term pseudonym for internet of vehicles,Chunhua Zhang; Xing Chang; Xiaojun Jia; Sulan Zhang; Xiaolin Wang,Scientific Reports,10.1038/s41598-025-28854-1,"Position / trajectory verification; Cryptography, PKI & pseudonyms; RSU / infrastructure-assisted",pdfs/2025_Zhang_Sybilresistant_and_privacypreserving_authentication_based_on_shortterm_pseudonym_for_inter.pdf,https://www.nature.com/articles/s41598-025-28854-1_reference.pdf,https://doi.org/10.1038/s41598-025-28854-1
,2025,,Sybil Detection in V2X: From On-vehicle Features to RSU Graph Reasoning,Ivan O. Ivanov; Ventsislav Nikolov,,10.1109/telecom66943.2025.11304115,RSU / infrastructure-assisted; Datasets & simulation,,,https://doi.org/10.1109/telecom66943.2025.11304115
,2024,,Sybil Attack Detection in VANETs Using CatBoost Classifier,EL Mehdi Fdil; El Mamoun Souidi,Lecture notes in networks and systems,10.1007/978-3-031-62273-1_27,Machine learning / deep learning,,,https://doi.org/10.1007/978-3-031-62273-1_27
,2024,,Trust-Aware Sybil Event Recognition: A decentralized approach to Sybil attack prevention in VANETs,"Morton, Thomas Lee",SHAREOK (University of Oklahoma; Oklahoma State University; Central Oklahoma University),,Position / trajectory verification; Trust / reputation,,,https://hdl.handle.net/20.500.14446/344375
,2024,,A Blockchain-Based Scheme to Prevent the Sybil Attack in VANET,Ashish Tomar,,10.1109/icccnt61001.2024.10724890,"Cryptography, PKI & pseudonyms; Blockchain / distributed ledger; Datasets & simulation",,,http://dx.doi.org/10.1109/icccnt61001.2024.10724890
,2024,,Sybil Assault Detection in VANET with Efficient Network Analysis,Shubhra Mukherjee Mathur; Nagesh Jadhav; Ravindra Kumar Gupta,,10.1109/mitadtsocicon60330.2024.10575257,Datasets & simulation,,,http://dx.doi.org/10.1109/mitadtsocicon60330.2024.10575257
,2024,,Trust-Aware Sybil Attack Detection for Resilient Vehicular Communication,"Thomas, Mortan; Abinash Borah; Anirudh Paranjothi",SHAREOK (University of Oklahoma; Oklahoma State University; Central Oklahoma University),10.48550/arxiv.2411.07520,Position / trajectory verification; Trust / reputation; RSU / infrastructure-assisted; Datasets & simulation,,https://doi.org/10.48550/arXiv.2411.07520,https://doi.org/10.48550/arXiv.2411.07520
YES,2024,,Proposed approach for securing VANET by detection and avoidance of Sybil attack,Anil Kumar Pal; Dinesh Goyal; Satyajeet Sharma; Shruti Mathur; Jitendra Kumawat; Gajanand Sharma,Journal of Discrete Mathematical Sciences and Cryptography,10.47974/jdmsc-1905,Other / general Sybil defence,pdfs/2024_Pal_Proposed_approach_for_securing_VANET_by_detection_and_avoidance_of_Sybil_attack.pdf,,https://doi.org/10.47974/jdmsc-1905
YES,2024,,Strong Anonymous Batch Authentication Scheme Against Sybil Attack in VANET,Zeyu Man; Senshan Pan; Zhiwei Xu; M. Ye,Research Square,10.21203/rs.3.rs-5417485/v1,"Cryptography, PKI & pseudonyms",pdfs/2024_Man_Strong_Anonymous_Batch_Authentication_Scheme_Against_Sybil_Attack_in_VANET.pdf,https://doi.org/10.21203/rs.3.rs-5417485/v1,https://doi.org/10.21203/rs.3.rs-5417485/v1
,2024,,"Review for ""Trust‐Aware Sybil Attack Detection for Resilient Vehicular Communication""",,,10.1002/itl2.617/v2/review1,Trust / reputation; Surveys & reviews,,,https://doi.org/10.1002/itl2.617/v2/review1
,2024,,"Review for ""Trust‐Aware Sybil Attack Detection for Resilient Vehicular Communication""",,,10.1002/itl2.617/v1/review1,Trust / reputation; Surveys & reviews,,,https://doi.org/10.1002/itl2.617/v1/review1
,2024,,"Review for ""Trust‐Aware Sybil Attack Detection for Resilient Vehicular Communication""",,,10.1002/itl2.617/v3/review2,Trust / reputation; Surveys & reviews,,,https://doi.org/10.1002/itl2.617/v3/review2
,2024,,"Review for ""Trust‐Aware Sybil Attack Detection for Resilient Vehicular Communication""",,,10.1002/itl2.617/v3/review1,Trust / reputation; Surveys & reviews,,,https://doi.org/10.1002/itl2.617/v3/review1
,2024,,"Author response for ""Trust‐Aware Sybil Attack Detection for Resilient Vehicular Communication""",Thomas L. Morton; Abinash Borah; Anirudh Paranjothi,,10.1002/itl2.617/v3/response1,Trust / reputation,,,https://doi.org/10.1002/itl2.617/v3/response1
,2024,,"Decision letter for ""Trust‐Aware Sybil Attack Detection for Resilient Vehicular Communication""",,,10.1002/itl2.617/v2/decision1,Trust / reputation,,,https://doi.org/10.1002/itl2.617/v2/decision1
,2024,,"Decision letter for ""Trust‐Aware Sybil Attack Detection for Resilient Vehicular Communication""",,,10.1002/itl2.617/v1/decision1,Trust / reputation,,,https://doi.org/10.1002/itl2.617/v1/decision1
,2024,,"Author response for ""Trust‐Aware Sybil Attack Detection for Resilient Vehicular Communication""",Thomas L. Morton; Abinash Borah; Anirudh Paranjothi,,10.1002/itl2.617/v2/response1,Trust / reputation,,,https://doi.org/10.1002/itl2.617/v2/response1
,2024,,"Decision letter for ""Trust‐Aware Sybil Attack Detection for Resilient Vehicular Communication""",,,10.1002/itl2.617/v3/decision1,Trust / reputation,,,https://doi.org/10.1002/itl2.617/v3/decision1
,2024,,Evaluating Multidimensional RSSI-Based Approaches for Identifying Sybil Nodes in VANETs to Improve Vehicle Network Security,Arockia Xavier Annie Rayan; G. Shobana,International Journal of Ad Hoc and Ubiquitous Computing,10.1504/ijahuc.2024.10065931,RSSI / signal-strength & PHY,,,https://www.inderscienceonline.com/doi/full/10.1504/IJAHUC.2024.140667
,2024,,An Enhanced Timestamp-Based Security Mechanism to Detect Sybil Attack in vehicle ad hock network (VANETs),Aliyu Abdullahi; I. S. Umar; Yusuf Surajo,International Journal of Science for Global Sustainability,10.57233/ijsgs.v10i2.673,"Cryptography, PKI & pseudonyms; RSU / infrastructure-assisted; Routing-protocol impact; Datasets & simulation",,https://www.fugus-ijsgs.com.ng/index.php/ijsgs/article/download/673/441,http://dx.doi.org/10.57233/ijsgs.v10i2.673
YES,2024,,Creating A Realistic Sybil Attack Dataset For Inter-vehicle Communication,Taner Guven; Z. Cihan Taysi,Research Square,10.21203/rs.3.rs-5417476/v1,Datasets & simulation,pdfs/2024_Guven_Creating_A_Realistic_Sybil_Attack_Dataset_For_Intervehicle_Communication.pdf,https://doi.org/10.21203/rs.3.rs-5417476/v1,https://doi.org/10.21203/rs.3.rs-5417476/v1
,2024,,SCA: SYBIL-BASED COLLIONS ATTACKS OF IIOT DATA POISOING IN FEDERATED LEARNING,David Livingston; G. Sindhu; G Geetha; K. Soniya,Journal of engineering sciences.,10.36893/jes.2024.v15i10.011,Machine learning / deep learning,,https://doi.org/10.36893/jes.2024.v15i10.011,https://doi.org/10.36893/jes.2024.v15i10.011
,2024,,Unique ID based Trust Scheme for Improved IoV Wireless Sensor Network Security Against Power Controlled Sybil Attacks,Jae-Dong Kim; Dabin Kim; Minseok Ko; Jong‐Moon Chung,arXiv (Cornell University),10.48550/arxiv.2410.04063,RSSI / signal-strength & PHY; Position / trajectory verification; Trust / reputation; Routing-protocol impact; Datasets & simulation,,https://arxiv.org/pdf/2410.04063,http://arxiv.org/abs/2410.04063
,2023,,Study of the Impact of Sybil Attack in VANETs Using F2MD,T Pavithra; B. S. Nagabhushana; Suchismitha Das,Engineering cyber-physical systems and critical infrastructures,10.1007/978-3-031-18497-0_40,Other / general Sybil defence,,,https://doi.org/10.1007/978-3-031-18497-0_40
,2023,,Fast tracing method for Sybil attack in VANETs,Zhaoyi Zhang; Yingxu Lai; Ye Chen; Jingwen Wei; Yuan Feng,,10.1109/vtc2023-fall60731.2023.10333449,"Cryptography, PKI & pseudonyms",,,http://dx.doi.org/10.1109/vtc2023-fall60731.2023.10333449
YES,2023,,Detection of Sybil & DDoS Attacks in VANET using Intelligent Technique,Urmila Bhanja; Ankit Majhi; Smrutirekha Sahoo; Debapriya Parida,Research Square,10.21203/rs.3.rs-3187938/v1,Trust / reputation,pdfs/2023_Bhanja_Detection_of_Sybil__DDoS_Attacks_in_VANET_using_Intelligent_Technique.pdf,https://www.researchsquare.com/article/rs-3187938/latest.pdf,http://dx.doi.org/10.21203/rs.3.rs-3187938/v1
YES,2023,,Detecting Sybil Attacks using Proofs of Work and Location in VANETs,G Divya Vani; M Rajeshwari; Sindhuja A,Zenodo (CERN European Organization for Nuclear Research),10.5281/zenodo.21581212,Trust / reputation; RSU / infrastructure-assisted; Datasets & simulation,pdfs/2023_Vani_Detecting_Sybil_Attacks_using_Proofs_of_Work_and_Location_in_VANETs.pdf,https://doi.org/10.5281/zenodo.21581212,https://doi.org/10.5281/zenodo.21581212
YES,2023,,Detecting Sybil Attacks using Proofs of Work and Location in VANETs,G Divya Vani; M Rajeshwari; Sindhuja A,Zenodo (CERN European Organization for Nuclear Research),10.5281/zenodo.21581213,Trust / reputation; RSU / infrastructure-assisted; Datasets & simulation,pdfs/2023_Vani_Detecting_Sybil_Attacks_using_Proofs_of_Work_and_Location_in_VANETs.pdf,https://doi.org/10.5281/zenodo.21581213,https://doi.org/10.5281/zenodo.21581213
,2023,,Three factors based sybil attack detection and RSU corruption detection in the VANET environment,Velayudhan C. Nitha; A. Arul Anitha; Madanan Mukesh,AIP conference proceedings,10.1063/5.0107817,RSU / infrastructure-assisted,,,https://doi.org/10.1063/5.0107817
,2023,,Hybrid Security Against Black Hole and Sybil Attacks in Drone-Assisted Vehicular Ad Hoc Networks,Aryan Abdlwhab Qader; Mohammed Hasan Mutar; Sameer Alani; Waleed Khalid Al‐Azzawi; Sarmad Nozad Mahmood; Hussein Muhi Hariz; Mustafa Asaad Rasol,"Smart innovation, systems and technologies",10.1007/978-981-99-6706-3_34,Other / general Sybil defence,,,https://doi.org/10.1007/978-981-99-6706-3_34
,2023,,BMSAD: behavior feature and multi-scenario-based Sybil attack detection method in vehicular networks,Jie Luo; Li Zhong,,10.1117/12.2667662,RSSI / signal-strength & PHY; Position / trajectory verification; RSU / infrastructure-assisted,,,https://doi.org/10.1117/12.2667662
,2022,,A Macroscopic Traffic Model-based Approach for Sybil Attack Detection in VANETs,Arshdeep Singh and Pranab Garg Vikas Kumar Garg,International Journal for Modern Trends in Science and Technology,10.46501/ijmtst050329,Datasets & simulation,,https://doi.org/10.46501/ijmtst050329,https://doi.org/10.46501/ijmtst050329
YES,2022,,Fuzzy clustering algorithm to identify Sybil attacks in Vehicular ad hoc networks,Mehdi MalekNasab Ardakani; Mohammad Ali Tabarzad; Mohammad Amin Shayegan,Research Square,10.21203/rs.3.rs-2216291/v1,Trust / reputation; RSU / infrastructure-assisted; Datasets & simulation,pdfs/2022_Ardakani_Fuzzy_clustering_algorithm_to_identify_Sybil_attacks_in_Vehicular_ad_hoc_networks.pdf,https://www.researchsquare.com/article/rs-2216291/latest.pdf,https://doi.org/10.21203/rs.3.rs-2216291/v1
,2022,,SyDVELM - Protegendo Vanets contra ataques Sybil usando Extreme Learning Machine,Carlos Henrique Oria Oliveira Quevedo,LA Referencia (Red Federada de Repositorios Institucionales de Publicaciones Científicas),,Machine learning / deep learning,,,https://siduece.uece.br/siduece/trabalhoAcademicoPublico.jsf?id=107692
,2022,,Detection of sybil attack by predicting traffic and analyzing network performance in vehicular ad hoc networks,Nirbhay Kumar Chaubey; Dhananjay Yadav,International Journal of Electrical and Computer Engineering (IJECE),,Datasets & simulation,,http://ijece.iaescore.com/index.php/IJECE/article/view/25985,http://ijece.iaescore.com/index.php/IJECE/article/view/25985
,2021,,Sybil Misbehavior Detection in Software Defined VANETs using Received Signal Strength,Rajendra Prasad Nayak; Srinivas Sethi; Sourav Kumar Bhoi; Kshira Sagar Sahoo; Mehedi Masud; Jehad F. Al‐Amri,Turkish Online Journal of Qualitative Inquiry,,RSSI / signal-strength & PHY; Datasets & simulation,,https://www.tojqi.net/index.php/journal/article/view/2918,https://www.tojqi.net/index.php/journal/article/view/2918
YES,2021,,Sybil attack detection in VAVET by using neighbouring vehicles in Wireless Sensor Networks,Amandeep Amandeep; Naveen Dhillon,International journal of advance research and innovative ideas in education,,Datasets & simulation,pdfs/2021_Amandeep_Sybil_attack_detection_in_VAVET_by_using_neighbouring_vehicles_in_Wireless_Sensor_Networks.pdf,,https://ijariie.com/AdminUploadPdf/Sybil_attack_detection_in_VAVET_by_using_neighbouring_vehicles_in_Wireless_Sensor_Networks_ijariie15496.pdf
,2020,,Sybil Attack Detection Algorithm for Internet of Vehicles Security,Rongxia Wang,Advances in intelligent systems and computing,10.1007/978-981-33-4572-0_14,Other / general Sybil defence,,,https://doi.org/10.1007/978-981-33-4572-0_14
YES,2019,,Increase the Performance & Security in VANET using Deduction of Sybil Attack,S Naveen; K. Selvakumar,Asian Journal of Applied Research,10.20468/ajar/104368,RSU / infrastructure-assisted,pdfs/2019_Naveen_Increase_the_Performance__Security_in_VANET_using_Deduction_of_Sybil_Attack.pdf,http://apjournals.org/images/issues/234.pdf,https://doi.org/10.20468/ajar/104368
,2019,,An Approach to Detect Sybil Attack in VANET by Neighbor Processing Algorithm,V. Aarthi; R. Anitha,CiiT international journal of wireless communication,,"Cryptography, PKI & pseudonyms; RSU / infrastructure-assisted",,,https://www.ciitresearch.org/dl/index.php/wc/article/view/WC042019003.
YES,2019,,Proactive Defence Technique (PDT) For Vehicular Ad Hoc Network To Protect Against Sybil Attack,Poonam Pandey; Ankit Mehto,International Journal of Engineering Trends and Technology,10.14445/22315381/ijett-v67i5p225,Other / general Sybil defence,pdfs/2019_Pandey_Proactive_Defence_Technique_PDT_For_Vehicular_Ad_Hoc_Network_To_Protect_Against_Sybil_Atta.pdf,,https://doi.org/10.14445/22315381/ijett-v67i5p225
,2018,,Efficient and Collusion-Resistant Detection of Sybil Attacks in VANETs,Niclas Bewermeier,Proceedings of Student Research and Creative Inquiry Day,,"Cryptography, PKI & pseudonyms; RSU / infrastructure-assisted",,,https://publish.tntech.edu/index.php/PSRCI/article/view/291
,2018,,Latest Approach For Detection And Isolation Of Malicious Node Using Sybil Attack In Vanet,Pawandeep Kaur Er. Aayushi Chadha,Zenodo (CERN European Organization for Nuclear Research),10.5281/zenodo.1158790,RSSI / signal-strength & PHY; RSU / infrastructure-assisted; Datasets & simulation,,https://zenodo.org/record/1158790,https://zenodo.org/record/1158790
YES,2018,,Attacks against security in the vehicular network and the impact of Sybil attack and Blackhole attack on the vehicular network performances: average Throughput as a study of case,Ayoub Toubi; Tomader Mazri,DOAJ (DOAJ: Directory of Open Access Journals),10.57675/imist.prsm/ijist-v4i2.70,RSU / infrastructure-assisted; Datasets & simulation,pdfs/2018_Toubi_Attacks_against_security_in_the_vehicular_network_and_the_impact_of_Sybil_attack_and_Black.pdf,https://doi.org/10.57675/imist.prsm/ijist-v4i2.70,https://doaj.org/article/6d177b7e91524f289a20d43b228cd65e
,2018,,An effective resilient approach to preserve location privacy of vehicles against sybil attack in vehicular adhoc networks,Balaram Allam,INFLIBNET,,Other / general Sybil defence,,,https://shodhganga.inflibnet.ac.in/jspui/handle/10603/248831?mode=full
YES,2018,,Broadcast Message Authentication Mechanism to Detect Clone and Sybil attacks in VANET’s based on ID-Based Signature Scheme,Kareemulla Shaik; Mohammed Ali Hussain,International Journal of Engineering & Technology,10.14419/ijet.v7i3.12.17770,"Cryptography, PKI & pseudonyms; RSU / infrastructure-assisted",pdfs/2018_Shaik_Broadcast_Message_Authentication_Mechanism_to_Detect_Clone_and_Sybil_attacks_in_VANETs_bas.pdf,https://www.sciencepubco.com/index.php/ijet/article/download/17770/7858,https://doi.org/10.14419/ijet.v7i3.12.17770
,2017,,Privacy Aware VANET Security:- Sybil Attack Detection in VANET,"Dept of Electronics & Telecommunication Engineering, M.E Student Full Time VIT Mumbai, Maharashtra, India; Amit Mane",International Journal of Advanced Research in Computer Science and Software Engineering,10.23956/ijarcsse/v7i4/0191,Other / general Sybil defence,,,http://doi.org/10.23956/ijarcsse/v7i4/0191
YES,2017,,Voiceprint: A Novel Sybil Attack Detection Method Based on RSSI for VANETs,Yao Yuan; Bin Xiao; Gaofei Wu; Xue Liu; Zhiwen Yu; Kailong Zhang; Xingshe Zhou,IEEE Conference Proceedings,,RSSI / signal-strength & PHY,pdfs/2017_Yuan_Voiceprint_A_Novel_Sybil_Attack_Detection_Method_Based_on_RSSI_for_VANETs.pdf,,https://jglobal.jst.go.jp/en/detail?JGLOBAL_ID=201702215551073533
,2016,,Sybil attackin VANET,Harvinder Kaur; Mandeep Singh Devgan; Parminder Singh,International Conference on Computing for Sustainable Global Development,,"Cryptography, PKI & pseudonyms",,,https://ieeexplore.ieee.org/document/7724856
YES,2016,,Evaluation of Hybrid framework for Detection of Sybil Attack in VANET,Pallvi Minhas; Pallavi Jindal,International Journal of Computer & Organization Trends,10.14445/22492593/ijcot-v33p306,Other / general Sybil defence,pdfs/2016_Minhas_Evaluation_of_Hybrid_framework_for_Detection_of_Sybil_Attack_in_VANET.pdf,,https://doi.org/10.14445/22492593/ijcot-v33p306
YES,2016,,Detect the Sybil Attack by using GPSR Protocol,Sheenam Arora; Chakshu Goel,International Journal of Computer Applications,10.5120/ijca2016910461,Position / trajectory verification; Routing-protocol impact,pdfs/2016_Arora_Detect_the_Sybil_Attack_by_using_GPSR_Protocol.pdf,https://doi.org/10.5120/ijca2016910461,https://doi.org/10.5120/ijca2016910461
YES,2016,,Detecting and Avoiding Sybil Attack in OLSR Protocol,,International Journal of Science and Research (IJSR),10.21275/v5i5.19051604,RSU / infrastructure-assisted; Routing-protocol impact,pdfs/2016_anon_Detecting_and_Avoiding_Sybil_Attack_in_OLSR_Protocol.pdf,https://doi.org/10.21275/v5i5.19051604,https://doi.org/10.21275/v5i5.19051604
,2016,,VANET Aレビューにおけるsybil攻撃を単離するための技術【Powered by NICT】,Kaur Supinder; Kumar Anil,IEEE Conference Proceedings,,Other / general Sybil defence,,,https://jglobal.jst.go.jp/detail?JGLOBAL_ID=201602217620651590
,2015,,A sybil authentication and attack detection protocol on vehicular Ad Hoc networks with support for anonymity control.,Thiago Bruno Melo de. SALES,LA Referencia (Red Federada de Repositorios Institucionales de Publicaciones Científicas),,"Cryptography, PKI & pseudonyms",,https://dspace.sti.ufcg.edu.br/handle/riufcg/8556,https://dspace.sti.ufcg.edu.br/handle/riufcg/8556
YES,2015,,A Traffic Flow Theory Aided Physical Measurement-Based Sybil Nodes Detection Mechanism in Vehicular Ad-hoc Networks,Dongxu Jin; JooSeok Song,The International journal of networked and distributed computing,10.2991/ijndc.2015.3.2.1,Datasets & simulation,pdfs/2015_Jin_A_Traffic_Flow_Theory_Aided_Physical_MeasurementBased_Sybil_Nodes_Detection_Mechanism_in_V.pdf,https://www.atlantis-press.com/article/16390.pdf,https://doi.org/10.2991/ijndc.2015.3.2.1
YES,2015,,ICMP and Monitoring to Detect and IsolateSybil Attack in VANET,Jaydeep P. Kateshiya; Anup Parkash Singh,International Journal of Innovative Research in Science Engineering and Technology,10.15680/ijirset.2015.0405056,"Cryptography, PKI & pseudonyms; RSU / infrastructure-assisted",pdfs/2015_Kateshiya_ICMP_and_Monitoring_to_Detect_and_IsolateSybil_Attack_in_VANET.pdf,,http://ijirset.com/upload/2015/may/56_13_ICMP.pdf
,2014,,Research on Detection Schemes of Sybil Attack in VANETs,Chunya Li,,,Surveys & reviews,,,https://en.cnki.com.cn/Article_en/CJFDTOTAL-JSJA2014S2059.htm
,2014,,TECHNOLOGY Sybil Attack in Vanet by Neighbourhood Information Passing,Pankaj Kumar; Prof Vikas Kumar; Jagjit Singh,,,RSU / infrastructure-assisted; Datasets & simulation,,,http://ijesrt.com/issues%20pdf%20file/Archives-2014/September-2014/74.pdf
YES,2014,,Sybil Attack Detection in Urban Vehicular Networks,S. Suganya,,,Other / general Sybil defence,pdfs/2014_Suganya_Sybil_Attack_Detection_in_Urban_Vehicular_Networks.pdf,,https://www.ijert.org/research/sybil-attack-detection-in-urban-vehicular-networks-IJERTV3IS10403.pdf
,2014,,A Physical Measurement-Based Sybil Nodes Detection Mechanism in VANETs,Dongxu Jin; Fei Shi; JooSeok Song,,,RSU / infrastructure-assisted; Datasets & simulation,,,http://www.seekdl.org/upload/files/20140625_094751.pdf
YES,2014,,Strategical Comparison: Recognizing and Evicting Sybil Attack in Vehicular Ad Hoc Networks,Sagar Narang; Kundan Munjal,International Journal of Computer Applications,10.5120/17602-8216,Other / general Sybil defence,pdfs/2014_Narang_Strategical_Comparison_Recognizing_and_Evicting_Sybil_Attack_in_Vehicular_Ad_Hoc_Networks.pdf,https://doi.org/10.5120/17602-8216,https://doi.org/10.5120/17602-8216
,2014,,A Novel Sybil Attack Detection Mechanism in Urban Vehicular Networks,Jalluri Geetha Renuka; Syed Gulam Gouse,,,"Cryptography, PKI & pseudonyms; RSU / infrastructure-assisted",,,http://citeseerx.ist.psu.edu/viewdoc/summary?doi=10.1.1.416.7107
YES,2014,,Sybil Attack Detection in Urban VehicularNetworks,R. Rajesh Perumal; Kiran Sridhar,International Journal of Innovative Research in Computer and Communication Engineering,,"Cryptography, PKI & pseudonyms; Trust / reputation; RSU / infrastructure-assisted; Datasets & simulation",pdfs/2014_Perumal_Sybil_Attack_Detection_in_Urban_VehicularNetworks.pdf,,https://www.rroij.com/open-access/sybil-attack-detection-in-urban-vehicularnetworks.pdf
,2013,,Privacy friendly detection technique of sybil attack in vehicular ad hoc network (VANET),Seyed Mohammad Cheraghi,,,RSU / infrastructure-assisted; Datasets & simulation,,,http://eprints.utm.my/id/eprint/34666/
YES,2013,,Sybil detection in vehicular networks,Muhammad Ibrahim Almutaz,,,Other / general Sybil defence,pdfs/2013_Almutaz_Sybil_detection_in_vehicular_networks.pdf,,https://scholarsmine.mst.edu/cgi/viewcontent.cgi?article=5479&context=masters_theses
YES,2013,,Cooperative Sybil Attack Detection in Privacy Preserved VANETs,Sita Kumari,,,"Position / trajectory verification; Cryptography, PKI & pseudonyms; RSU / infrastructure-assisted",pdfs/2013_Kumari_Cooperative_Sybil_Attack_Detection_in_Privacy_Preserved_VANETs.pdf,,http://www.ijcst.com/vol42/1/b1447.pdf
,2013,,Improving neighboring vehicle method to detect sybile attack in vehicular ad hoc network,Hoda Soltanian Bojnord,,,Trust / reputation; Datasets & simulation,,,http://eprints.utm.my/id/eprint/48219/
,2012,,Privacy Preservation of Rsu Against Sybil Attacks in Vanet,S Preetha; Krithika Prakash,International Journal of Communication and Networking System,10.20894/ijcnes.103.001.002.004,RSU / infrastructure-assisted,,,https://doi.org/10.20894/ijcnes.103.001.002.004
,2009,,Sybil Nodes Detection based on Received Signal Strength Variations within VANETs,Mohamed Salah Bouassida; Gilles Guette; M. Shawky; Bertrand Ducourthial,HAL (Le Centre pour la Communication Scientifique Directe),,RSSI / signal-strength & PHY,,,https://hal.science/hal-00333140
,2008,,Sybil Attacks on Vehicular Ad-Hoc Networks,Shang-Yeu Chang; Lin Yang; Jinhua Guo,SAE technical papers on CD-ROM/SAE technical paper series,10.4271/2008-01-0770,Other / general Sybil defence,,http://arxiv.org/abs/1905.03507,https://doi.org/10.4271/2008-01-0770
