archive,seed,fold,token,vehicle,attacker
GridSybil_0709,0,train,2f89064712e8bb51,22089,0
GridSybil_0709,0,train,d742009c628c92d3,12507,0
GridSybil_0709,0,train,2c7bd0e3721f34e1,12423,0
GridSybil_0709,0,train,9f4ae5097006f53b,10521,0
GridSybil_0709,0,train,c0454b3d7af399e3,10611,1
GridSybil_0709,0,train,9d4910b857005579,24213,1
GridSybil_0709,0,train,6e55e7a8769e14a5,21627,0
GridSybil_0709,0,train,a6d8d9c6b4f16112,24009,0
GridSybil_0709,0,train,fb0354f5dd90ae42,11865,0
GridSybil_0709,0,train,c93b857ad90e290e,13149,0
GridSybil_0709,0,train,3f02aec4c6b8d92e,10629,0
GridSybil_0709,0,train,f0cfb7df72817e8f,21423,0
GridSybil_0709,0,train,e9fc7ebec71b0088,10899,0
GridSybil_0709,0,train,ffc92ceaca439b16,11283,0
GridSybil_0709,0,train,e3ba921edc7f4597,23709,0
GridSybil_0709,0,train,6cd5349e5c08b4c9,11487,0
GridSybil_0709,0,train,603bacf91c08ba49,21489,0
GridSybil_0709,0,train,86cefab4faf2a5f1,12579,0
GridSybil_0709,0,train,1360b3cd9b31a3a2,10503,0
GridSybil_0709,0,train,6eb2c32b193e9214,11967,0
GridSybil_0709,0,train,407e124e2d850a21,11439,0
GridSybil_0709,0,train,2722a4ec186b7c36,11019,0
GridSybil_0709,0,train,fd714d727de1301a,22041,0
GridSybil_0709,0,train,cec3b2072a1c434f,10821,0
GridSybil_0709,0,train,8547c46a1f9418d1,23583,0
GridSybil_0709,0,train,92139e2e0272404e,22257,0
GridSybil_0709,0,train,ee40b8d1e37a95d6,21243,0
GridSybil_0709,0,train,1b45b7fb764f8b61,11457,0
GridSybil_0709,0,train,8af60cce9ff802f4,12681,0
GridSybil_0709,0,train,af6a2f1cc87867b9,10563,0
GridSybil_0709,0,train,55abf551f80c7b60,11379,0
GridSybil_0709,0,train,b49f3fc1e6ea91f2,23907,0
GridSybil_0709,0,train,2f3d42fb81166533,21669,0
GridSybil_0709,0,train,a8b21b46fd1bda6c,22959,0
GridSybil_0709,0,train,a183af7e2dec91cf,23079,0
GridSybil_0709,0,train,41c8b2e454d09487,23049,0
GridSybil_0709,0,train,6dac178b64cc50fe,22263,0
GridSybil_0709,0,train,ea2ee4c21927135b,22245,0
GridSybil_0709,0,train,744c9a6eef8a7345,23199,0
GridSybil_0709,0,train,b02637a521121d21,10941,0
GridSybil_0709,0,train,4aab92883a94765e,24051,1
GridSybil_0709,0,train,ecaf965f7e77c51d,22341,0
GridSybil_0709,0,train,88dd3363f956004a,22287,0
GridSybil_0709,0,train,d06c292d0acc4c9a,11739,0
GridSybil_0709,0,train,a0823cf99f409084,10395,0
GridSybil_0709,0,train,6332040abb242011,10725,0
GridSybil_0709,0,train,adee5cb25ed26d9b,23997,0
GridSybil_0709,0,train,72e308084e412535,10857,0
GridSybil_0709,0,train,1e9dab5225d1d375,10431,0
GridSybil_0709,0,train,f76b2a3bc6974e11,21381,0
GridSybil_0709,0,train,c64547c382ec8669,24483,0
GridSybil_0709,0,train,c5e79d347ce7160d,21783,0
GridSybil_0709,0,train,57f25d6fc7d42455,23637,0
GridSybil_0709,0,train,513658115d2280a9,11145,0
GridSybil_0709,0,train,9342ba1916f97e2a,12309,0
GridSybil_0709,0,train,2927299a3a9bbe37,11505,0
GridSybil_0709,0,train,f823d53e8e66b6cf,11469,0
GridSybil_0709,0,train,a9b7fe9422697a7b,23943,0
GridSybil_0709,0,train,c7037e1e9672ea5e,10917,0
GridSybil_0709,0,train,424cc15880a94c98,10863,0
GridSybil_0709,0,train,952e9f16adcf58e8,23493,1
GridSybil_0709,0,train,d3c9d9df9f856ce6,21903,0
GridSybil_0709,0,train,f9b6056e3b2ca144,22419,0
GridSybil_0709,0,train,3006fe38d0c37414,21525,0
GridSybil_0709,0,train,2afaf0703950d894,21369,0
GridSybil_0709,0,train,228f33c4bbd8e1a6,22527,0
GridSybil_0709,0,train,ba14eeb3435ad488,23757,0
GridSybil_0709,0,train,417210699a08e989,24189,0
GridSybil_0709,0,train,2d02220c99d54349,23949,0
GridSybil_0709,0,train,5b16f22fe0783625,22407,0
GridSybil_0709,0,train,85b79ab88c2c4a74,21735,1
GridSybil_0709,0,train,8e46f103d9d26820,12357,0
GridSybil_0709,0,train,d67a3b45f0263b40,24345,0
GridSybil_0709,0,train,e3611853e91928a5,10959,0
GridSybil_0709,0,train,ed162f2e2979a0ee,24327,0
GridSybil_0709,0,train,d0cb7fe11641049d,11847,0
GridSybil_0709,0,train,d52a8719cf3d1315,23589,0
GridSybil_0709,0,train,e092655ad685f48a,23469,0
GridSybil_0709,0,train,2f846c68604a631b,23109,0
GridSybil_0709,0,train,297510dc66323b6e,11547,0
GridSybil_0709,0,train,9e10a4cf9a6a4ca6,21867,0
GridSybil_0709,0,train,2680e1816de8429c,23547,0
GridSybil_0709,0,train,cf98284499e98c39,12729,0
GridSybil_0709,0,train,4f80533cd58b311f,23763,0
GridSybil_0709,0,train,8f795c197e297aa4,11043,0
GridSybil_0709,0,train,de0b610f4d06e7e5,12183,0
GridSybil_0709,0,train,ec9de7ccc9ecbd30,24117,0
GridSybil_0709,0,train,568314a17e5c789f,12909,0
GridSybil_0709,0,train,6637f9d19bd4f23f,22977,0
GridSybil_0709,0,train,80b47d3dd69e366b,22029,0
GridSybil_0709,0,train,ea880eee6214fa62,24339,0
GridSybil_0709,0,train,d7173ce2379ec872,23457,0
GridSybil_0709,0,train,e3e0f438bec375da,24027,0
GridSybil_0709,0,train,27781924688026ed,23163,0
GridSybil_0709,0,train,a81f8844a96250ee,10599,0
GridSybil_0709,0,train,9bec5b3625dfdd08,22743,0
GridSybil_0709,0,train,47c7d8cb15b96a1c,24561,0
GridSybil_0709,0,train,1803765026c4df62,21561,0
GridSybil_0709,0,train,3175e8c5d6275919,24597,0
GridSybil_0709,0,train,a0579358626aa40f,24459,0
GridSybil_0709,0,train,cf10c4c359d10850,12867,0
GridSybil_0709,0,train,8319cf5ece96d056,10413,0
GridSybil_0709,0,train,df1e4bc6453134eb,21885,0
GridSybil_0709,0,train,ae103670c3dd5d2c,22563,0
GridSybil_0709,0,train,bc6b2503326c02d2,10623,0
GridSybil_0709,0,train,75d6f64562112a62,11481,0
GridSybil_0709,0,train,14558751ba3ee240,10431,0
GridSybil_0709,0,train,f3bfd0f217f95e24,23181,0
GridSybil_0709,0,train,ef8e00b576ce222f,23625,0
GridSybil_0709,0,train,e3c32308846ef11e,23223,0
GridSybil_0709,0,train,1938a927407ca6fb,11769,0
GridSybil_0709,0,train,1e59c686aa8f4c79,11085,0
GridSybil_0709,0,train,2db91e197540f4d3,21723,0
GridSybil_0709,0,train,95d76ee9a3c09678,23679,0
GridSybil_0709,0,train,0302a0948ed1bb20,13077,0
GridSybil_0709,0,train,79f8531061274064,21357,0
GridSybil_0709,0,train,feedb4e201a74b3c,22005,0
GridSybil_0709,0,train,b5e991fa4e9170fe,11325,0
GridSybil_0709,0,train,817b6152e2c93aea,12237,0
GridSybil_0709,0,train,8772cac000eb9b49,11265,0
GridSybil_0709,0,train,8038b8a7e17fb3e3,11985,0
GridSybil_0709,0,train,fcb45c4e28b11d60,11097,0
GridSybil_0709,0,train,b1e981e6017bd7e0,12225,0
GridSybil_0709,0,train,041280da460bc312,12783,0
GridSybil_0709,0,train,8c52ac5028bc4199,12669,0
GridSybil_0709,0,train,9061db9b55315a4e,23649,0
GridSybil_0709,0,train,7a7ab0afd86a3322,22761,0
GridSybil_0709,0,train,455da943386bfe93,12765,0
GridSybil_0709,0,train,61eb2dc46767a9b6,11763,0
GridSybil_0709,0,train,a5dd98ef3ea32fa6,11463,0
GridSybil_0709,0,train,f7bd306240058964,11079,0
GridSybil_0709,0,train,507d4e6b1cf7f10c,24165,0
GridSybil_0709,0,train,0762c8c1d5bd79a5,21939,0
GridSybil_0709,0,train,1cad28ce26c11480,21735,1
GridSybil_0709,0,train,b0931faa5256e945,23283,0
GridSybil_0709,0,train,9efefc432785f0dd,11007,0
GridSybil_0709,0,train,70d2fa43f1466d30,11979,0
GridSybil_0709,0,train,53e87a1fb0abd78f,10461,0
GridSybil_0709,0,train,f00be15e464034bf,22665,0
GridSybil_0709,0,train,1390d67e31c51140,22299,0
GridSybil_0709,0,train,2a5304f40ee6cbbc,11289,0
GridSybil_0709,0,train,2698c435fe6050a0,23097,0
GridSybil_0709,0,train,32bff070232fde13,10845,0
GridSybil_0709,0,train,9afe35ab7bbf8d16,23805,0
GridSybil_0709,0,train,ebbed9202a47fcf6,12945,0
GridSybil_0709,0,train,79cac89789230b22,11229,0
GridSybil_0709,0,train,71cda1854759c08b,10719,0
GridSybil_0709,0,train,bb179342858e4bbb,23769,0
GridSybil_0709,0,train,64502f6c806a46f3,23205,0
GridSybil_0709,0,train,87c063f1fee9553e,10749,0
GridSybil_0709,0,train,8b0b01e23e279fe7,22323,0
GridSybil_0709,0,train,32f4b5047efa9e29,10431,0
GridSybil_0709,0,train,cb1531a0253315a2,22455,1
GridSybil_0709,0,train,8bd2996d49cf29f9,12963,0
GridSybil_0709,0,train,22e32ed9139c480f,22017,0
GridSybil_0709,0,train,0db52bee10c340ac,11829,0
GridSybil_0709,0,train,389638aba1ebcf4d,24399,0
GridSybil_0709,0,train,1f7816b09e4c3f8a,22857,0
GridSybil_0709,0,train,82ccc14e884b9fbe,12219,0
GridSybil_0709,0,train,cbead705b52d97c6,21777,0
GridSybil_0709,0,train,14e2615bd0d5cf38,24177,0
GridSybil_0709,0,train,df63b794862efae4,22683,0
GridSybil_0709,0,train,15147846a733f7c4,23529,0
GridSybil_0709,0,train,c0dec5dcb771d773,23739,0
GridSybil_0709,0,train,f38b4702b23032f5,21645,0
GridSybil_0709,0,train,88282e7aed78af02,10413,0
GridSybil_0709,0,train,daec33b0d5f06de4,12687,0
GridSybil_0709,0,train,658164ec9d4ef859,23781,0
GridSybil_0709,0,train,5c7f89fe1fed1e2a,11781,0
GridSybil_0709,0,train,87a1aa2afd7b7d4f,11247,0
GridSybil_0709,0,train,e84c21209fc4a744,11109,0
GridSybil_0709,0,train,7edb55b91addcbd7,22197,0
GridSybil_0709,0,train,021ba35f139c5260,24465,0
GridSybil_0709,0,train,3ee5c987db7e0e6b,11919,0
GridSybil_0709,0,train,165b9ab441272086,23559,0
GridSybil_0709,0,train,2ee007c0380b96d4,21285,0
GridSybil_0709,0,train,311f5c22e3acf651,10743,0
GridSybil_0709,0,train,193b3ff847ff7037,11523,0
GridSybil_0709,0,train,0799774113fc90b1,24567,0
GridSybil_0709,0,train,d943b28b7a16e86d,12003,0
GridSybil_0709,0,train,196f91a5558f2fff,22929,0
GridSybil_0709,0,train,8efebd02702731ab,23607,0
GridSybil_0709,0,train,28d7b19365fe8ba9,22707,0
GridSybil_0709,0,train,9594f2da08bd5ea3,10905,0
GridSybil_0709,0,train,6660012c801ab2c8,21819,0
GridSybil_0709,0,train,c6721c0e5c682794,21945,0
GridSybil_0709,0,train,6f241839096f7b5b,13137,0
GridSybil_0709,0,train,d85da1d5074bcf40,11907,0
GridSybil_0709,0,train,8162ccc9e4a4004b,22863,0
GridSybil_0709,0,train,38ec9fa2246bff54,24147,0
GridSybil_0709,0,train,65ab48d7f8d6e189,11103,0
GridSybil_0709,0,train,fe3f8e0774154280,23349,0
GridSybil_0709,0,train,62a36aa5922a72d8,21963,0
GridSybil_0709,0,train,40c556b7a6dafa2b,23919,0
GridSybil_0709,0,train,e918d9ab4ac17207,12621,0
GridSybil_0709,0,train,56723860d92b1fb8,12897,0
GridSybil_0709,0,train,1fd4ea4975e09c3e,12537,0
GridSybil_0709,0,train,e8d836c7651037fa,23967,0
GridSybil_0709,0,train,b97a893836e05be9,12249,0
GridSybil_0709,0,train,c12a26c568886974,10881,0
GridSybil_0709,0,train,5823b545fd0b7461,21699,0
GridSybil_0709,0,train,c0445a2253fd7c42,11157,0
GridSybil_0709,0,train,0bcf568de23b6339,12801,0
GridSybil_0709,0,train,0fc90d605fc2dd7d,21837,0
GridSybil_0709,0,train,145985e63190c12c,23337,0
GridSybil_0709,0,train,cc0940451903154e,13107,0
GridSybil_0709,0,train,385ba62f8f0e72b4,12789,0
GridSybil_0709,0,train,93f2e87110c3d539,11787,0
GridSybil_0709,0,train,8ae6d205f0e91056,23979,0
GridSybil_0709,0,train,78477f1996c9a488,23379,0
GridSybil_0709,0,train,6e55761105c859b5,24363,0
GridSybil_0709,0,train,5d9a5798683de86c,10827,0
GridSybil_0709,0,train,c58dfaa7d16fc7f6,11949,0
GridSybil_0709,0,train,df56f6137e4669c9,11583,0
GridSybil_0709,0,train,86778eaca84d79af,10497,0
GridSybil_0709,0,train,8446873ce83d73cf,10839,0
GridSybil_0709,0,train,9582a77c74957cea,24297,0
GridSybil_0709,0,train,8ece53c55f060537,21483,0
GridSybil_0709,0,train,98ab00d299cde750,21789,0
GridSybil_0709,0,train,2baafcde2eeb20ce,12885,0
GridSybil_0709,0,train,bcff996ad9ed836e,10323,0
GridSybil_0709,0,train,d5c8329d5db80b20,13269,0
GridSybil_0709,0,train,a14dcef151020356,12327,0
GridSybil_0709,0,train,a63e033f9f5710a2,21657,0
GridSybil_0709,0,train,64c5322f313091ad,23961,0
GridSybil_0709,0,train,529cab8d8ce86099,23025,0
GridSybil_0709,0,train,b80299ad25129298,23823,0
GridSybil_0709,0,train,4f22c7f7791b6bce,11367,0
GridSybil_0709,0,train,4c76e9a492d4e053,23565,0
GridSybil_0709,0,train,06943198d48497eb,10545,0
GridSybil_0709,0,train,0f59930c993bf8b9,11499,0
GridSybil_0709,0,train,b20099ca50764f80,11859,0
GridSybil_0709,0,train,79d9d199fa4d7520,23697,0
GridSybil_0709,0,train,d3f97bbb74d9ba3a,23523,0
GridSybil_0709,0,train,4cccd5f91b47fab7,23877,0
GridSybil_0709,0,train,ce39704d1a17c66a,24267,0
GridSybil_0709,0,train,1a8c23891e567b72,23343,0
GridSybil_0709,0,train,55b684a59d7b264b,23889,0
GridSybil_0709,0,train,cf66e3e802271271,12843,0
GridSybil_0709,0,train,a27f376b7c3c353f,11337,0
GridSybil_0709,0,train,296cd9bf6feaebb6,12747,0
GridSybil_0709,0,train,52709b5c31421049,11049,0
GridSybil_0709,0,train,67f1ec6653346ff9,22221,0
GridSybil_0709,0,train,dc37754408bc15c8,10701,0
GridSybil_0709,0,train,1578237605b88f4e,11199,0
GridSybil_0709,0,train,bd9ef8588178cad4,13227,0
GridSybil_0709,0,train,b996ff998a817b00,21537,0
GridSybil_0709,0,train,55e058dd54ab0cbb,12819,0
GridSybil_0709,0,train,d4b5e0bf0c6d9afc,13203,0
GridSybil_0709,0,train,3ab38286f3566bee,23241,0
GridSybil_0709,0,train,b724a85ba634820a,11361,0
GridSybil_0709,0,train,a83c4f712ce5fdbd,23517,0
GridSybil_0709,0,train,526f33fda1d64850,22629,0
GridSybil_0709,0,train,0d93ed2d7e48d759,23847,0
GridSybil_0709,0,train,4f8e268f666a6c07,10797,0
GridSybil_0709,0,train,03e32ce70af0459e,12759,0
GridSybil_0709,0,train,3188010f90f0abd7,11637,0
GridSybil_0709,0,train,9d32bb7f1c465bf3,24099,0
GridSybil_0709,0,train,6ba2e315fafda8f3,10779,0
GridSybil_0709,0,train,24057e7a10b45b53,21801,0
GridSybil_0709,0,train,51fd64fca457f461,22917,0
GridSybil_0709,0,train,fb2b8bf36c0b9c38,22347,0
GridSybil_0709,0,train,7d8e23b9950b342b,12039,0
GridSybil_0709,0,train,45b737d9a1437816,22401,0
GridSybil_0709,0,train,1f8e4707374dd54f,11127,0
GridSybil_0709,0,train,fa216186219c4610,10479,0
GridSybil_0709,0,train,09ffb4c236197c13,10395,0
GridSybil_0709,0,train,6ed0b1c8478a3139,22047,0
GridSybil_0709,0,train,fc9468238aa4379b,12321,0
GridSybil_0709,0,train,96751c373f30a977,21957,0
GridSybil_0709,0,train,d7c1ffe75eaefead,11241,0
GridSybil_0709,0,train,af6538844582cc02,22965,0
GridSybil_0709,0,train,ea214118a4b6254d,11397,0
GridSybil_0709,0,train,b2befc5a72e681de,11565,0
GridSybil_0709,0,train,88daa49e1d7e3d6b,12063,0
GridSybil_0709,0,train,1ec4d71acad9abcf,10431,0
GridSybil_0709,0,train,505bbda5df74dd91,22143,0
GridSybil_0709,0,train,aeeb5fea78cdfbd9,24129,0
GridSybil_0709,0,train,252d1de6f5fc93c6,22209,0
GridSybil_0709,0,train,4aa9fc45e77ff33a,13089,0
GridSybil_0709,0,train,b1bca6957a04b496,10449,0
GridSybil_0709,0,train,45a01c13685fd5bb,22443,0
GridSybil_0709,0,train,183bfb517d9ad1f9,10659,0
GridSybil_0709,0,train,73056407366c90b5,23667,0
GridSybil_0709,0,train,5da8880487137bd9,24357,0
GridSybil_0709,0,train,3df683d9304deca8,11697,0
GridSybil_0709,0,train,ec04b21fb8e97630,12981,0
GridSybil_0709,0,train,290324490f4d437c,23577,0
GridSybil_0709,0,train,9383be04711037ae,21927,0
GridSybil_0709,0,train,d47d0f991421b593,10965,0
GridSybil_0709,0,train,14d29d9017b18ac8,22227,0
GridSybil_0709,0,train,eeedb42ce94143e4,10527,0
GridSybil_0709,0,train,f63b5ae36083cfa1,12483,0
GridSybil_0709,0,train,02dd099f12b52f41,23787,0
GridSybil_0709,0,train,9abded3a3c6e5cd9,22065,0
GridSybil_0709,0,train,1e4683bd2d45e74a,22581,0
GridSybil_0709,0,train,5b39245f318eb55c,10407,0
GridSybil_0709,0,train,ae077013e4059d1a,13161,0
GridSybil_0709,0,train,476850b7fad8a813,12585,0
GridSybil_0709,0,train,c13aecf974443f2f,23121,0
GridSybil_0709,0,train,cff609a58c85d111,22305,0
GridSybil_0709,0,train,35c70756e4a7e61e,22167,0
GridSybil_0709,0,train,07986f82cd01c012,22989,0
GridSybil_0709,0,train,b2a866a417d71ec3,24417,0
GridSybil_0709,0,train,122bc0debc84fc9c,21717,0
GridSybil_0709,0,train,a241b7226d6d7b3b,12081,0
GridSybil_0709,0,train,f838d1ffee5f78f3,21405,0
GridSybil_0709,0,train,96954854d0ac6110,21807,0
GridSybil_0709,0,train,dace756b425ce294,11163,0
GridSybil_0709,0,train,715c6de14ba2d5f1,12111,1
GridSybil_0709,0,train,69ae637cddc0343c,23937,0
GridSybil_0709,0,train,8f98f43ee33d5aa2,21981,0
GridSybil_0709,0,train,5192b7fe71158660,13065,0
GridSybil_0709,0,train,921e0a46ca2c6375,12123,0
GridSybil_0709,0,train,8afb6df1ce121f8c,24057,0
GridSybil_0709,0,train,b41228b9a5a5c84f,12261,0
GridSybil_0709,0,train,65a4a2bbc4eae079,22737,0
GridSybil_0709,0,train,3dac8285b8479d8e,22023,0
GridSybil_0709,0,train,1a5e2f075bf78d24,12645,0
GridSybil_0709,0,train,1da3fd85601ca41a,23169,0
GridSybil_0709,0,train,bbbcf33d0e07a8d8,12147,0
GridSybil_0709,0,train,03f061b1d15f5b06,23139,0
GridSybil_0709,0,train,4c4103f8188ac018,23397,0
GridSybil_0709,0,train,994648611a113d2b,24303,0
GridSybil_0709,0,train,9f60709cf7d67846,11643,0
GridSybil_0709,0,train,2c921beadb3a8c72,10431,0
GridSybil_0709,0,train,c7cd4e717b1200af,22359,0
GridSybil_0709,0,train,90a1e6439dffc802,22149,0
GridSybil_0709,0,train,0444ac6522f01b86,24225,0
GridSybil_0709,0,train,103694c7f2c2d649,11445,0
GridSybil_0709,0,train,5ee2521d97974368,23685,0
GridSybil_0709,0,train,cdf6e9159fc1f5b5,12957,0
GridSybil_0709,0,train,8aa9b3cd46392195,24123,0
GridSybil_0709,0,train,8b40f5ed33c60cc9,24183,0
GridSybil_0709,0,train,8dc651857e492f37,13143,0
GridSybil_0709,0,train,09133fc1692ea12b,24249,0
GridSybil_0709,0,train,35e9f408f650fd20,21189,0
GridSybil_0709,0,train,4c8df2540a2c1efb,11805,0
GridSybil_0709,0,train,2092c47f1eab47d7,11067,0
GridSybil_0709,0,train,8e71d875e3bdb70d,23829,0
GridSybil_0709,0,train,1e829723454f3bf2,12627,0
GridSybil_0709,0,train,08570b5abe391e20,11421,0
GridSybil_0709,0,train,0ef7584a99f30bc2,22101,0
GridSybil_0709,0,train,ad91795dd3862304,12267,0
GridSybil_0709,0,train,98f67b0b7efa1200,12777,0
GridSybil_0709,0,train,95cdd9128b4ef8f9,12243,0
GridSybil_0709,0,train,47d8f47bae3b97c2,11709,0
GridSybil_0709,0,train,86b6d71cc81721b2,21603,0
GridSybil_0709,0,train,08e755fd10cdee78,12663,0
GridSybil_0709,0,train,19166ea9a12271e1,23487,0
GridSybil_0709,0,train,d3fbbec439a88e50,11409,0
GridSybil_0709,0,train,20c1363ed14e6718,12099,0
GridSybil_0709,0,train,af3009190826363f,22467,0
GridSybil_0709,0,train,e1ad2eaea48604d0,11625,0
GridSybil_0709,0,train,b454199b983b4b9e,12723,0
GridSybil_0709,0,train,58d1fb0269f6aa4f,11961,0
GridSybil_0709,0,train,a84e9728ae7e36cb,12117,0
GridSybil_0709,0,train,82691e211ea89cfa,11661,0
GridSybil_0709,0,train,41b73922f9f8773e,21975,1
GridSybil_0709,0,train,c81b6ea75e5b7154,13059,0
GridSybil_0709,0,train,b875fb6040272f55,24369,0
GridSybil_0709,0,train,32687fa4ccd399bc,10419,0
GridSybil_0709,0,train,b678aaf5065d53ec,22557,0
GridSybil_0709,0,train,ab8871c13898582c,22515,1
GridSybil_0709,0,train,8c8b4944c84e1cd9,13005,0
GridSybil_0709,0,train,e3d4b97b576bd54a,10977,0
GridSybil_0709,0,train,946e2079bc3f8bda,10431,0
GridSybil_0709,0,train,e907812236b66d6e,11703,0
GridSybil_0709,0,train,7721c4f4aaa49891,23403,0
GridSybil_0709,0,train,34e6fdaee1c1fc7f,23043,0
GridSybil_0709,0,train,e98e72064d35962b,12921,0
GridSybil_0709,0,train,b6167dd78d50433f,23799,0
GridSybil_0709,0,train,59cb7ec56eed4e65,11517,0
GridSybil_0709,0,train,c8e7bafaf4b9c51a,23325,0
GridSybil_0709,0,train,8d795f01ec9eb414,11037,0
GridSybil_0709,0,train,cb89fc6ecd6669f3,22377,0
GridSybil_0709,0,train,eba0c07f9abeca1a,12009,0
GridSybil_0709,0,train,b10e1135437bf6dd,12561,0
GridSybil_0709,0,train,f79cebdcba471de4,23901,0
GridSybil_0709,0,train,aa3b75f888707031,23643,0
GridSybil_0709,0,train,6c52a7b8751f42c2,21747,0
GridSybil_0709,0,train,1f7e4ddc925dfcac,22161,0
GridSybil_0709,0,train,1afe517741519277,21681,0
GridSybil_0709,0,train,975f98ea6055304f,21585,0
GridSybil_0709,0,train,490ecf8d937cc051,22983,0
GridSybil_0709,0,train,a88abd1d2ccd41f2,13197,0
GridSybil_0709,0,train,98369bdab18155b8,23157,0
GridSybil_0709,0,train,4fae41de31264062,11877,0
GridSybil_0709,0,train,675e7bd57cc337fb,10683,0
GridSybil_0709,0,train,179af4a8e890e39a,12381,0
GridSybil_0709,0,train,aaa9f8a1f4f6fe03,21987,0
GridSybil_0709,0,train,2ce9f0472c26da06,23307,0
GridSybil_0709,0,train,3cf6833fb747aa03,11823,0
GridSybil_0709,0,train,d17451b53186c67c,22797,0
GridSybil_0709,0,train,6402ed3f74725811,12861,0
GridSybil_0709,0,train,016730a55d5da840,22941,0
GridSybil_0709,0,train,6593cd75eec22fd4,12405,0
GridSybil_0709,0,train,e584cf2edbe68fac,22719,0
GridSybil_0709,0,train,37e9735a19d8aa1a,24261,0
GridSybil_0709,0,train,fc74a4e38a7b3dd1,12519,0
GridSybil_0709,0,train,2e9fd68ff17fa948,10929,0
GridSybil_0709,0,train,144ab8d736369c21,21345,0
GridSybil_0709,0,train,95f6df309ff773dd,22995,1
GridSybil_0709,0,train,87025b8f268b2742,11589,0
GridSybil_0709,0,train,68793abc7a27fce9,23247,0
GridSybil_0709,0,train,eb66ef3135f2e798,12189,0
GridSybil_0709,0,train,cd2feb371240742f,22677,0
GridSybil_0709,0,train,1df08066b1c003ad,24279,0
GridSybil_0709,0,train,e56b46ee58ed1a43,12201,0
GridSybil_0709,0,train,d98b7cddb7e224ca,11901,0
GridSybil_0709,0,train,7081edc88fd2b2e5,22539,0
GridSybil_0709,0,train,7505de777c9c1f4f,21741,0
GridSybil_0709,0,train,d85f92558bf64c9e,11745,0
GridSybil_0709,0,train,1d804ec16a11768d,11181,0
GridSybil_0709,0,train,8b571b7698e2b495,24447,0
GridSybil_0709,0,train,a951f3faa2c240a9,23361,0
GridSybil_0709,0,train,e7e2e3a155fca76e,12297,0
GridSybil_0709,0,train,6e9d463fa137f582,22899,0
GridSybil_0709,0,train,e8892b8decf427cd,22821,0
GridSybil_0709,0,train,474be1fb876c8941,11343,0
GridSybil_0709,0,train,e2dcd02b726e59c9,22095,1
GridSybil_0709,0,train,8a2c286f090df970,24141,0
GridSybil_0709,0,train,92d91262e59d7847,22623,0
GridSybil_0709,0,train,62a6f3e6d5bca286,12717,0
GridSybil_0709,0,train,60c211f90d1020f9,13257,0
GridSybil_0709,0,train,39f53f028fe6a47d,10569,0
GridSybil_0709,0,train,ef68c3ebd5ae1526,12045,0
GridSybil_0709,0,train,6013c857f774c755,13041,0
GridSybil_0709,0,train,20affce185f07e5b,21825,0
GridSybil_0709,0,train,a012c69167262907,21621,0
GridSybil_0709,0,train,c04aae13a40e1868,23865,0
GridSybil_0709,0,train,e856a6d8d9f35901,10383,0
GridSybil_0709,0,train,943a04119cd41566,10605,0
GridSybil_0709,0,train,abe9de52809c24a5,12105,0
GridSybil_0709,0,train,670d673f482599df,24381,0
GridSybil_0709,0,train,b05c6f2bb5796379,23007,0
GridSybil_0709,0,train,c780a840787154ec,12927,0
GridSybil_0709,0,train,e1d52ddf9babf4d0,11601,0
GridSybil_0709,0,train,a5655c67f54a1ed5,22869,0
GridSybil_0709,0,train,bc3338e26ffd24c6,11529,0
GridSybil_0709,0,train,57cfe9167758d5e0,22701,0
GridSybil_0709,0,train,7905fff97800cee0,22779,0
GridSybil_0709,0,train,b61244b37aab63a7,12159,0
GridSybil_0709,0,train,baf8de5500cd0a1e,11259,0
GridSybil_0709,0,train,bf58d3a79f83cc70,12207,0
GridSybil_0709,0,train,baf2cdfcd10f068c,23439,0
GridSybil_0709,0,train,138db0522ba47670,23409,0
GridSybil_0709,0,train,7050a980a2349219,22449,0
GridSybil_0709,0,train,c40591fe1d5a5561,12543,0
GridSybil_0709,0,train,a7bbc43439464214,12345,0
GridSybil_0709,0,train,4eb759fe580f1792,10803,0
GridSybil_0709,0,train,80945e43a036a531,22329,0
GridSybil_0709,0,train,74b08620846c03e9,11925,0
GridSybil_0709,0,train,098a706b8d6c2d77,11187,0
GridSybil_0709,0,train,b1090eb99580ad12,23481,0
GridSybil_0709,0,train,23da6a17903b8065,21849,0
GridSybil_0709,0,train,30e8928008d5e8aa,24045,0
GridSybil_0709,0,train,a45e10c064f57ab4,24219,0
GridSybil_0709,0,train,776564fa21831ce8,11025,0
GridSybil_0709,0,train,6f5e8d956eec8f68,11631,1
GridSybil_0709,0,train,5542e7da68aa5929,10947,0
GridSybil_0709,0,train,56aded328184ec9f,12279,0
GridSybil_0709,0,train,955903240f2044d0,11139,0
GridSybil_0709,0,train,7a47cc5974214da4,23541,0
GridSybil_0709,0,train,6b92ee84c11b9af8,23019,0
GridSybil_0709,0,train,f86a4d2a78a86d6f,11607,0
GridSybil_0709,0,train,c559f1272ac122d4,10581,0
GridSybil_0709,0,train,541bb03b68717ad5,10557,0
GridSybil_0709,0,train,fe85ca669907ad32,22749,0
GridSybil_0709,0,train,8309e00f57640c7b,12027,0
GridSybil_0709,0,train,5d3beaba3ae346ab,12441,0
GridSybil_0709,0,train,fc2eea4f71c4184e,21687,0
GridSybil_0709,0,train,8c197b3e78f14194,22119,0
GridSybil_0709,0,train,39866f7f5f5a89f4,24429,0
GridSybil_0709,0,train,9a6e21b30c9a10cf,21501,0
GridSybil_0709,0,train,1865a1d6c8aecf8b,21663,0
GridSybil_0709,0,train,99e2a3ffff98f909,22923,0
GridSybil_0709,0,train,e52ef934475aaa88,13209,0
GridSybil_0709,0,train,66f46800155ab656,10677,0
GridSybil_0709,0,train,0d387f0bbac78961,11883,0
GridSybil_0709,0,train,37b2ebbc989c20aa,11649,0
GridSybil_0709,0,train,ec310430a02900d6,11217,0
GridSybil_0709,0,train,36905ca773ed5b81,11319,0
GridSybil_0709,0,train,7a7026c23a41bbe8,12849,0
GridSybil_0709,0,train,106673a3c70df493,11937,0
GridSybil_0709,0,train,1587c1923449f9a6,13083,0
GridSybil_0709,0,train,770e61c4b5e3499f,23277,0
GridSybil_0709,0,train,c0978672a9a0e539,24159,0
GridSybil_0709,0,train,dd44efb89d0609b2,24243,0
GridSybil_0709,0,train,bd07933eed66b5b4,22311,1
GridSybil_0709,0,train,9eaaea2a71e0f8e2,24285,0
GridSybil_0709,0,train,dd9bdbf7a5f98623,22389,0
GridSybil_0709,0,train,96f1991febb1e664,11301,0
GridSybil_0709,0,train,7c3e24c82b2f02df,24387,0
GridSybil_0709,0,train,f9494814de9d20c1,21765,0
GridSybil_0709,0,train,671901863bb57c7a,10707,0
GridSybil_0709,0,train,4ab8f3b84d4430f9,11403,0
GridSybil_0709,0,train,3d0da0cafba4281e,22179,0
GridSybil_0709,0,train,e041f9f42bc2e9ef,21609,0
GridSybil_0709,0,train,e2d6abf27bb8b5fb,22785,0
GridSybil_0709,0,train,43133b8596a6312c,21969,0
GridSybil_0709,0,train,5734f6829b0d3ff5,24333,1
GridSybil_0709,0,train,bfc3a926ab522d4f,24207,0
GridSybil_0709,0,train,7481c03bc51bb6e1,21897,0
GridSybil_0709,0,train,0a2ec4d5b2482654,21999,0
GridSybil_0709,0,train,8c7f6e8bf1cf382e,22461,0
GridSybil_0709,0,train,1c78e6e136d03e5d,12657,0
GridSybil_0709,0,train,023e10536b58613d,12807,0
GridSybil_0709,0,train,cbcb3645c09cd415,23661,0
GridSybil_0709,0,train,d7eb4876d2a1a590,12489,0
GridSybil_0709,0,train,6a792bbd4c020e82,12705,0
GridSybil_0709,0,train,08562719ec11c89b,23445,0
GridSybil_0709,0,train,933f49d775f81d0e,23001,0
GridSybil_0709,0,train,f62e778360910845,23085,0
GridSybil_0709,0,train,f8595c32e6bf2645,24201,0
GridSybil_0709,0,train,f599195f26a53783,24039,0
GridSybil_0709,0,test,0001a4e494895e2c,11889,0
GridSybil_0709,0,test,589a8bd4dbe87457,10587,0
GridSybil_0709,0,test,c81ff55b90c308f0,10767,0
GridSybil_0709,0,test,6b409441c84c6018,11577,0
GridSybil_0709,0,test,02be9feb9012da20,11061,0
GridSybil_0709,0,test,23c5c8acf8cd593e,12567,0
GridSybil_0709,0,test,1a8cb719245ace04,10515,0
GridSybil_0709,0,test,d7bfd7c01fffaad8,10737,0
GridSybil_0709,0,test,5ff2f781116211fc,21429,0
GridSybil_0709,0,test,fa2ee72fe85a2986,10689,0
GridSybil_0709,0,test,1f9c75a91c526b09,22317,0
GridSybil_0709,0,test,d2f95b62aaf0530e,22059,0
GridSybil_0709,0,test,8cf43b884fa89594,23367,0
GridSybil_0709,0,test,9f4b97b7eec81145,10485,0
GridSybil_0709,0,test,5ad8a6afd8a1a13c,22497,0
GridSybil_0709,0,test,beccdf204f47aea1,23067,0
GridSybil_0709,0,test,f40a48724eba7fc0,22587,0
GridSybil_0709,0,test,f6daa0422a652f84,10347,0
GridSybil_0709,0,test,b49fc47f2f886604,12177,0
GridSybil_0709,0,test,3a258cbc6623df10,10539,0
GridSybil_0709,0,test,5ee3bcbb01af64e3,21639,0
GridSybil_0709,0,test,1c6e4b367475883e,12903,0
GridSybil_0709,0,test,4c62423af6a76951,12837,0
GridSybil_0709,0,test,28c621c55ceb6bd1,21579,0
GridSybil_0709,0,test,ad66e40ee25df6bd,10437,0
GridSybil_0709,0,test,5df6fd83cbd5be98,12447,0
GridSybil_0709,0,test,25987816404bfeea,13239,0
GridSybil_0709,0,test,8d0b77d0b4b5aa47,11013,1
GridSybil_0709,0,test,d4385e30b9aef7e7,12333,1
GridSybil_0709,0,test,9f1c5b091fd62587,13119,0
GridSybil_0709,0,test,6fd7e662aa8be282,22809,0
GridSybil_0709,0,test,58cf64697270240b,23619,0
GridSybil_0709,0,test,eb5926eb5fb6efe9,21417,0
GridSybil_0709,0,test,d559104394f2e42f,12417,0
GridSybil_0709,0,test,69cb2b5fb903ffc1,23289,0
GridSybil_0709,0,test,0b922c5efe7f4b11,21729,0
GridSybil_0709,0,test,0a28efcbe19a4f60,12021,0
GridSybil_0709,0,test,191971bcd178a950,11799,0
GridSybil_0709,0,test,15ea3f2acb628a58,10989,0
GridSybil_0709,0,test,cddf93ed0d5df5c0,24309,0
GridSybil_0709,0,test,d9c3de44de06565e,10923,0
GridSybil_0709,0,test,410cb9881b242e4c,23385,0
GridSybil_0709,0,test,63917132cf92de29,22437,0
GridSybil_0709,0,test,43f3eb6a8457e107,23925,0
GridSybil_0709,0,test,edaca75b05eddadf,22767,0
GridSybil_0709,0,test,1dcbe9826eb10047,12459,0
GridSybil_0709,0,test,bdf2f334566c57e1,23301,0
GridSybil_0709,0,test,ba412b49a5b5a8d8,22905,0
GridSybil_0709,0,test,3a41898caf4c490c,24543,0
GridSybil_0709,0,test,dc74c6e394417a24,23859,0
GridSybil_0709,0,test,3ceb0faa845c9fb3,23727,0
GridSybil_0709,0,test,38259e98ac712d1b,22659,0
GridSybil_0709,0,test,ecbd288fcf5febc7,23499,0
GridSybil_0709,0,test,ae4b26cb236b1f19,21477,0
GridSybil_0709,0,test,a83688ca79ea33ad,11349,0
GridSybil_0709,0,test,e70e6620caabd3f7,22605,0
GridSybil_0709,0,test,c4e1d53825229d8f,22365,0
GridSybil_0709,0,test,a3d23406dea11e4b,22599,0
GridSybil_0709,0,test,13b9a3a5b30381bc,22383,0
GridSybil_0709,0,test,773b2518565ae2a4,13167,0
GridSybil_0709,0,test,e00eb0c26849ed94,24063,0
GridSybil_0709,0,test,9d4717ee57477dd0,23655,1
GridSybil_0709,0,test,97ac3c67f5ca6224,21921,0
GridSybil_0709,0,test,fb7202650b533db0,12549,0
GridSybil_0709,0,test,0f6dc20704e16feb,10665,0
GridSybil_0709,0,test,5d83b4767bf22331,22845,0
GridSybil_0709,0,test,ac094649890a4b65,12339,0
GridSybil_0709,0,test,73240c139b6d9cca,10785,0
GridSybil_0709,0,test,98b69593803ba4e1,22803,0
GridSybil_0709,0,test,af2207ab0856ffab,21705,0
GridSybil_0709,0,test,3cd9aa61bd700994,11427,0
GridSybil_0709,0,test,2519cc74db361f0f,13023,0
GridSybil_0709,0,test,cf961d926ed445b7,13047,0
GridSybil_0709,0,test,3e7ee76e1dcc8d05,24081,0
GridSybil_0709,0,test,842f8d0cc6ea17fd,23061,0
GridSybil_0709,0,test,3481cbfa2b284e10,23187,0
GridSybil_0709,0,test,029accc22a607bb6,21465,0
GridSybil_0709,0,test,dab9327dcca9766f,24489,0
GridSybil_0709,0,test,3715e2dae5b0255e,12609,0
GridSybil_0709,0,test,c3141cf7aae64a5d,23703,0
GridSybil_0709,0,test,883c753e5684dd7c,22239,0
GridSybil_0709,0,test,2a5cacfe49f81d92,13017,0
GridSybil_0709,0,test,5f41a671c58e4a06,12057,0
GridSybil_0709,0,test,47402a7e06e57e11,22641,0
GridSybil_0709,0,test,7d1d268a90610e67,10515,0
GridSybil_0709,0,test,b73bdf67be40c93f,23433,1
GridSybil_0709,0,test,182fda0c6cefd835,12639,0
GridSybil_0709,0,test,6ccdcc21e0be543d,10515,0
GridSybil_0709,0,test,76dd79f0d657f4bc,21843,0
GridSybil_0709,0,test,dd3e25ab4755da77,12165,0
GridSybil_0709,0,test,730a8e4495686c57,22725,0
GridSybil_0709,0,test,a347b9a1d501e691,12603,0
GridSybil_0709,0,test,cb58fe94cf2cf4e6,12363,0
GridSybil_0709,0,test,f4061c769791aaaf,22137,0
GridSybil_0709,0,test,70692f878c4c253f,24021,0
GridSybil_0709,0,test,7845a118b47cc144,22617,0
GridSybil_0709,0,test,128edc9fd5a6e4e1,12987,0
GridSybil_0709,0,test,d2734bc6b20241b0,22203,0
GridSybil_0709,0,test,fa7a0731b356f1fb,11667,0
GridSybil_0709,0,test,fb3d55e8dd4aff3a,10809,0
GridSybil_0709,0,test,729a36253bf29852,12969,0
GridSybil_0709,0,test,99a29165a9356478,22083,0
GridSybil_0709,0,test,0b6b6704d4ee2e3f,22521,0
GridSybil_0709,0,test,265405be23188552,22545,0
GridSybil_0709,0,test,5998362491b0fa94,23421,0
GridSybil_0709,0,test,176bdec2e844fa84,10455,0
GridSybil_0709,0,test,0744db6bad5d3c38,21303,0
GridSybil_0709,0,test,03b7bbf50a207a7a,12597,0
GridSybil_0709,0,test,9dcab5dbcc928bbe,24069,0
GridSybil_0709,0,test,df438fe3c3f96101,11841,0
GridSybil_0709,0,test,364aee8b8ba1a6f0,24579,0
GridSybil_0709,0,test,52306d6b5d17aad7,24507,0
GridSybil_0709,0,test,f2e738f34a77be49,24105,0
GridSybil_0709,0,test,2fe4715152877262,23427,0
GridSybil_0709,0,test,61c8a36b74ae6258,10515,0
GridSybil_0709,0,test,1f5459aaf91944ec,23745,0
GridSybil_0709,0,test,537b0991378b26e3,12087,0
GridSybil_0709,0,test,840bd7189465fffe,23037,0
GridSybil_0709,0,test,eacda4fe1dd5f4de,22887,0
GridSybil_0709,0,test,a58b2fd8c55347d7,22281,0
GridSybil_0709,0,test,38451f1abd54f878,11679,0
GridSybil_0709,0,test,ef46cd6e7fc6f5c8,13179,0
GridSybil_0709,0,test,f8aa111c81019def,12741,0
GridSybil_0709,0,test,7cea81a99f362868,11307,0
GridSybil_0709,0,test,0110a24067aa5432,22077,0
GridSybil_0709,0,test,aa7395507cf098bf,10509,0
GridSybil_0709,0,test,4e38915a1984670b,11727,0
GridSybil_0709,0,test,b5946de39725409e,23217,0
GridSybil_0709,0,test,05e23c5d2663361d,22107,0
GridSybil_0709,0,test,3c674be6dc14fc7c,21549,0
GridSybil_0709,0,test,82faafadacf70c03,11757,0
GridSybil_0709,0,test,7406aa37a4f36b82,22269,0
GridSybil_0709,0,test,8a3166759627aab7,22479,0
GridSybil_0709,0,test,766a3886cdb8f649,11817,0
GridSybil_0709,0,test,9e3260c9d07ea3de,12387,0
GridSybil_0709,0,test,f64b635fc2d024b6,22947,0
GridSybil_0709,0,test,512556ca508fac76,13101,0
GridSybil_0709,0,test,42a7cd387c027930,12939,0
GridSybil_0709,0,test,f8c565a2cf7f48de,12879,0
GridSybil_0709,0,test,cadd5e9f5e4d0848,24003,0
GridSybil_0709,0,test,141d36a78583b79c,11277,0
GridSybil_0709,0,test,c4faa4caec17bae2,12699,0
GridSybil_0709,0,test,0e503ced9b5fee9c,22839,0
GridSybil_0709,0,test,fec45da755c6dade,21597,0
GridSybil_0709,0,test,99a8f8aab3d232b4,11997,0
GridSybil_0709,0,test,4c1dcdf524affaa5,23883,0
GridSybil_0709,0,test,6ac587f35b5a7cde,21507,0
GridSybil_0709,0,test,0a24c39fc04ab63c,24585,0
GridSybil_0709,0,test,fd38a86cf9451808,21543,0
GridSybil_0709,0,test,8ce8b357d4f56bd6,12303,0
GridSybil_0709,0,test,1049e749772d86dd,11943,0
GridSybil_0709,0,test,e95a5ca6eec894c2,24237,0
GridSybil_0709,0,test,eef23eef07a4def6,24627,0
GridSybil_0709,0,test,da65057762438fb2,22647,0
GridSybil_0709,0,test,e0f76fc508d96a32,21441,0
GridSybil_0709,0,test,d277074785aec3e0,23721,0
GridSybil_0709,0,test,7797e54b3c001bb5,10617,0
GridSybil_0709,0,test,e5e29f432a4587c4,23463,0
GridSybil_0709,0,test,ab55d9276c45a058,12525,0
GridSybil_0709,0,test,40f71a22ba3925da,23505,0
GridSybil_0709,0,test,33aaffcc0eea5ab4,22509,0
GridSybil_0709,0,test,6450330ed2e3416d,22689,0
GridSybil_0709,0,test,565b441cc8f6da31,10887,0
GridSybil_0709,0,test,6da42b581af51d2e,23145,0
GridSybil_0709,0,test,270c0811b60919bc,11205,0
GridSybil_0709,0,test,775d3da09e525912,12141,0
GridSybil_0709,0,test,d34b2cfcd05e2daf,12825,0
GridSybil_0709,0,test,d69db4105217184a,23229,0
GridSybil_0709,0,test,a9d02e90f691609e,22125,0
GridSybil_0709,0,test,cc9b8d531a08e3e3,10755,1
GridSybil_0709,0,test,450dc00622183481,10467,0
GridSybil_0709,0,test,83c3246f76fffe33,10647,0
GridSybil_0709,0,test,fd3767430be27626,11559,0
GridSybil_0709,0,test,ac6cb381a63a5afb,10761,0
GridSybil_0709,0,test,dc6d90765e2b4bb0,21567,0
GridSybil_0709,0,test,ef9b7faac9e3c067,21459,0
GridSybil_0709,0,test,43275696b92bccbf,12501,0
GridSybil_0709,0,test,4be4e9dca75e9a08,24321,0
GridSybil_0709,0,test,eda1089b63de8d6f,22485,0
GridSybil_0709,0,test,4fdc1e4982da8b51,22569,0
GridSybil_0709,0,test,f9fae27df0819f6e,12399,0
GridSybil_0709,0,test,3929ec59b7831b2f,13029,0
GridSybil_0709,0,test,ce86c2c79ca2c8b3,12069,0
GridSybil_0709,0,test,cfab90f9861ae88d,23265,0
GridSybil_0709,0,test,f250f90d61e69370,12429,0
GridSybil_0709,0,test,9d89198eefa55a97,12369,0
GridSybil_0709,0,test,ad2019b8e6e66418,22503,0
GridSybil_0709,0,test,0166a28896203838,10869,0
GridSybil_0709,0,test,b5355bd1789c0dc8,24087,0
GridSybil_0709,0,test,b038aeed8e114e79,21759,0
GridSybil_0709,0,test,33ba5509dbc0ba61,12231,1
GridSybil_0709,0,test,e610fe0dc2d96278,21861,0
GridSybil_0709,0,test,a69bdec705326188,11001,0
GridSybil_0709,0,test,2efa5eb9b7f1f722,10515,0
GridSybil_0709,0,test,d72bb386b0bfdfc7,11169,0
GridSybil_0709,0,test,288e1236df50655e,22827,0
GridSybil_0709,0,test,52d4ca5e0477632d,11541,0
GridSybil_0709,0,test,da3cd82cd2936b69,12285,0
GridSybil_0709,0,test,8d667998b5d03168,22473,1
GridSybil_0709,0,test,b9305520e07a0cb0,23817,0
GridSybil_0709,0,test,a5bd19dfa3637c8c,11223,0
GridSybil_0709,0,test,32dd17638df0e0e9,12465,0
GridSybil_0709,0,test,dcfd4e0dda2d9713,22425,0
GridSybil_0709,0,test,938b6280eefd7d26,21909,0
GridSybil_0709,0,test,d6a3a9f7d4e6803f,22881,0
GridSybil_0709,0,test,70a3428dea605512,10455,0
GridSybil_0709,0,test,3aa63fc58bd28e8a,11385,0
GridSybil_0709,0,test,401b1d06a1a20137,10515,0
GridSybil_0709,0,test,282cf427b9dbccc7,21879,0
GridSybil_0709,0,test,413eda3ae0592599,10983,0
GridSybil_0709,0,test,59f051e28689a914,23259,0
GridSybil_0709,0,test,848c321571ea7fc2,11685,0
GridSybil_0709,0,test,74ef3db12c0e746a,12999,0
GridSybil_0709,0,test,0bff8eea762d7942,24525,0
GridSybil_0709,0,test,c263559ba86c5c1e,10641,0
GridSybil_0709,0,test,dfaaceb3a56852ec,23985,0
GridSybil_0709,0,test,2d8a17e8e66b5c48,22185,0
GridSybil_0709,0,test,7f5a3448afab9d32,23841,0
GridSybil_0709,0,test,447141945f1c4c83,11721,0
GridSybil_0709,0,test,c05549218ee2b2f1,12477,0
GridSybil_0709,0,test,393a88a82eb9bc4a,23103,0
GridSybil_0709,0,test,16975edd06aee1c0,23127,0
GridSybil_0709,0,test,3e4544e8e3abd35e,23319,0
GridSybil_0709,0,test,fefb81926266fa4c,12129,0
GridSybil_0709,1,train,2c921beadb3a8c72,10431,0
GridSybil_0709,1,train,3aa63fc58bd28e8a,11385,0
GridSybil_0709,1,train,39f53f028fe6a47d,10569,0
GridSybil_0709,1,train,842f8d0cc6ea17fd,23061,0
GridSybil_0709,1,train,179af4a8e890e39a,12381,0
GridSybil_0709,1,train,e1ad2eaea48604d0,11625,0
GridSybil_0709,1,train,8038b8a7e17fb3e3,11985,0
GridSybil_0709,1,train,9eaaea2a71e0f8e2,24285,0
GridSybil_0709,1,train,38259e98ac712d1b,22659,0
GridSybil_0709,1,train,0444ac6522f01b86,24225,0
GridSybil_0709,1,train,e3c32308846ef11e,23223,0
GridSybil_0709,1,train,3188010f90f0abd7,11637,0
GridSybil_0709,1,train,4ab8f3b84d4430f9,11403,0
GridSybil_0709,1,train,5192b7fe71158660,13065,0
GridSybil_0709,1,train,f9fae27df0819f6e,12399,0
GridSybil_0709,1,train,c3141cf7aae64a5d,23703,0
GridSybil_0709,1,train,aeeb5fea78cdfbd9,24129,0
GridSybil_0709,1,train,bb179342858e4bbb,23769,0
GridSybil_0709,1,train,88dd3363f956004a,22287,0
GridSybil_0709,1,train,8af60cce9ff802f4,12681,0
GridSybil_0709,1,train,3cd9aa61bd700994,11427,0
GridSybil_0709,1,train,ef8e00b576ce222f,23625,0
GridSybil_0709,1,train,57cfe9167758d5e0,22701,0
GridSybil_0709,1,train,a0823cf99f409084,10395,0
GridSybil_0709,1,train,b2a866a417d71ec3,24417,0
GridSybil_0709,1,train,5c7f89fe1fed1e2a,11781,0
GridSybil_0709,1,train,8772cac000eb9b49,11265,0
GridSybil_0709,1,train,3e4544e8e3abd35e,23319,0
GridSybil_0709,1,train,23da6a17903b8065,21849,0
GridSybil_0709,1,train,ef46cd6e7fc6f5c8,13179,0
GridSybil_0709,1,train,d98b7cddb7e224ca,11901,0
GridSybil_0709,1,train,fc9468238aa4379b,12321,0
GridSybil_0709,1,train,af6a2f1cc87867b9,10563,0
GridSybil_0709,1,train,25987816404bfeea,13239,0
GridSybil_0709,1,train,ef68c3ebd5ae1526,12045,0
GridSybil_0709,1,train,8309e00f57640c7b,12027,0
GridSybil_0709,1,train,c40591fe1d5a5561,12543,0
GridSybil_0709,1,train,60c211f90d1020f9,13257,0
GridSybil_0709,1,train,2d8a17e8e66b5c48,22185,0
GridSybil_0709,1,train,66f46800155ab656,10677,0
GridSybil_0709,1,train,dace756b425ce294,11163,0
GridSybil_0709,1,train,f4061c769791aaaf,22137,0
GridSybil_0709,1,train,bbbcf33d0e07a8d8,12147,0
GridSybil_0709,1,train,99e2a3ffff98f909,22923,0
GridSybil_0709,1,train,27781924688026ed,23163,0
GridSybil_0709,1,train,0f6dc20704e16feb,10665,0
GridSybil_0709,1,train,529cab8d8ce86099,23025,0
GridSybil_0709,1,train,1dcbe9826eb10047,12459,0
GridSybil_0709,1,train,59f051e28689a914,23259,0
GridSybil_0709,1,train,1f7e4ddc925dfcac,22161,0
GridSybil_0709,1,train,71cda1854759c08b,10719,0
GridSybil_0709,1,train,e918d9ab4ac17207,12621,0
GridSybil_0709,1,train,dd3e25ab4755da77,12165,0
GridSybil_0709,1,train,8446873ce83d73cf,10839,0
GridSybil_0709,1,train,ac094649890a4b65,12339,0
GridSybil_0709,1,train,43f3eb6a8457e107,23925,0
GridSybil_0709,1,train,09ffb4c236197c13,10395,0
GridSybil_0709,1,train,b02637a521121d21,10941,0
GridSybil_0709,1,train,507d4e6b1cf7f10c,24165,0
GridSybil_0709,1,train,d0cb7fe11641049d,11847,0
GridSybil_0709,1,train,8efebd02702731ab,23607,0
GridSybil_0709,1,train,cd2feb371240742f,22677,0
GridSybil_0709,1,train,f64b635fc2d024b6,22947,0
GridSybil_0709,1,train,35e9f408f650fd20,21189,0
GridSybil_0709,1,train,d34b2cfcd05e2daf,12825,0
GridSybil_0709,1,train,fefb81926266fa4c,12129,0
GridSybil_0709,1,train,f00be15e464034bf,22665,0
GridSybil_0709,1,train,490ecf8d937cc051,22983,0
GridSybil_0709,1,train,0fc90d605fc2dd7d,21837,0
GridSybil_0709,1,train,b05c6f2bb5796379,23007,0
GridSybil_0709,1,train,feedb4e201a74b3c,22005,0
GridSybil_0709,1,train,d2734bc6b20241b0,22203,0
GridSybil_0709,1,train,288e1236df50655e,22827,0
GridSybil_0709,1,train,0db52bee10c340ac,11829,0
GridSybil_0709,1,train,7050a980a2349219,22449,0
GridSybil_0709,1,train,a45e10c064f57ab4,24219,0
GridSybil_0709,1,train,e3611853e91928a5,10959,0
GridSybil_0709,1,train,1938a927407ca6fb,11769,0
GridSybil_0709,1,train,445282daefcc8eee,23571,1
GridSybil_0709,1,train,7505de777c9c1f4f,21741,0
GridSybil_0709,1,train,0f59930c993bf8b9,11499,0
GridSybil_0709,1,train,92139e2e0272404e,22257,0
GridSybil_0709,1,train,9f60709cf7d67846,11643,0
GridSybil_0709,1,train,3f02aec4c6b8d92e,10629,0
GridSybil_0709,1,train,60b2fa5e94c014a5,24231,1
GridSybil_0709,1,train,fb2b8bf36c0b9c38,22347,0
GridSybil_0709,1,train,95d76ee9a3c09678,23679,0
GridSybil_0709,1,train,59cb7ec56eed4e65,11517,0
GridSybil_0709,1,train,35c70756e4a7e61e,22167,0
GridSybil_0709,1,train,8aa9b3cd46392195,24123,0
GridSybil_0709,1,train,34e6fdaee1c1fc7f,23043,0
GridSybil_0709,1,train,bc3338e26ffd24c6,11529,0
GridSybil_0709,1,train,27b4a317719bce44,23133,1
GridSybil_0709,1,train,ed162f2e2979a0ee,24327,0
GridSybil_0709,1,train,0b6b6704d4ee2e3f,22521,0
GridSybil_0709,1,train,016730a55d5da840,22941,0
GridSybil_0709,1,train,82faafadacf70c03,11757,0
GridSybil_0709,1,train,4c76e9a492d4e053,23565,0
GridSybil_0709,1,train,65a4a2bbc4eae079,22737,0
GridSybil_0709,1,train,22e32ed9139c480f,22017,0
GridSybil_0709,1,train,f0b84ea013c0216f,12015,1
GridSybil_0709,1,train,55abf551f80c7b60,11379,0
GridSybil_0709,1,train,671901863bb57c7a,10707,0
GridSybil_0709,1,train,7a7ab0afd86a3322,22761,0
GridSybil_0709,1,train,1e9dab5225d1d375,10431,0
GridSybil_0709,1,train,3df683d9304deca8,11697,0
GridSybil_0709,1,train,edaca75b05eddadf,22767,0
GridSybil_0709,1,train,b1bca6957a04b496,10449,0
GridSybil_0709,1,train,37e9735a19d8aa1a,24261,0
GridSybil_0709,1,train,4452c0f05dd8d47a,12195,1
GridSybil_0709,1,train,6c52a7b8751f42c2,21747,0
GridSybil_0709,1,train,7edb55b91addcbd7,22197,0
GridSybil_0709,1,train,57f25d6fc7d42455,23637,0
GridSybil_0709,1,train,fa7a0731b356f1fb,11667,0
GridSybil_0709,1,train,ce86c2c79ca2c8b3,12069,0
GridSybil_0709,1,train,aa3b75f888707031,23643,0
GridSybil_0709,1,train,568314a17e5c789f,12909,0
GridSybil_0709,1,train,b996ff998a817b00,21537,0
GridSybil_0709,1,train,c559f1272ac122d4,10581,0
GridSybil_0709,1,train,e84c21209fc4a744,11109,0
GridSybil_0709,1,train,6ed0b1c8478a3139,22047,0
GridSybil_0709,1,train,cf98284499e98c39,12729,0
GridSybil_0709,1,train,cddf93ed0d5df5c0,24309,0
GridSybil_0709,1,train,7d1d268a90610e67,10515,0
GridSybil_0709,1,train,d72bb386b0bfdfc7,11169,0
GridSybil_0709,1,train,840bd7189465fffe,23037,0
GridSybil_0709,1,train,8c52ac5028bc4199,12669,0
GridSybil_0709,1,train,d277074785aec3e0,23721,0
GridSybil_0709,1,train,90a1e6439dffc802,22149,0
GridSybil_0709,1,train,78477f1996c9a488,23379,0
GridSybil_0709,1,train,da65057762438fb2,22647,0
GridSybil_0709,1,train,63917132cf92de29,22437,0
GridSybil_0709,1,train,73056407366c90b5,23667,0
GridSybil_0709,1,train,cdf6e9159fc1f5b5,12957,0
GridSybil_0709,1,train,141d36a78583b79c,11277,0
GridSybil_0709,1,train,d67a3b45f0263b40,24345,0
GridSybil_0709,1,train,dc6d90765e2b4bb0,21567,0
GridSybil_0709,1,train,ecaf965f7e77c51d,22341,0
GridSybil_0709,1,train,6a792bbd4c020e82,12705,0
GridSybil_0709,1,train,3a258cbc6623df10,10539,0
GridSybil_0709,1,train,9a6e21b30c9a10cf,21501,0
GridSybil_0709,1,train,92d91262e59d7847,22623,0
GridSybil_0709,1,train,7d8e23b9950b342b,12039,0
GridSybil_0709,1,train,7406aa37a4f36b82,22269,0
GridSybil_0709,1,train,d4b5e0bf0c6d9afc,13203,0
GridSybil_0709,1,train,69ae637cddc0343c,23937,0
GridSybil_0709,1,train,5ee2521d97974368,23685,0
GridSybil_0709,1,train,dcfd4e0dda2d9713,22425,0
GridSybil_0709,1,train,e5e29f432a4587c4,23463,0
GridSybil_0709,1,train,4e38915a1984670b,11727,0
GridSybil_0709,1,train,03f061b1d15f5b06,23139,0
GridSybil_0709,1,train,526f33fda1d64850,22629,0
GridSybil_0709,1,train,1afe517741519277,21681,0
GridSybil_0709,1,train,2680e1816de8429c,23547,0
GridSybil_0709,1,train,9dcab5dbcc928bbe,24069,0
GridSybil_0709,1,train,56723860d92b1fb8,12897,0
GridSybil_0709,1,train,47402a7e06e57e11,22641,0
GridSybil_0709,1,train,b5946de39725409e,23217,0
GridSybil_0709,1,train,ecbd288fcf5febc7,23499,0
GridSybil_0709,1,train,ebbed9202a47fcf6,12945,0
GridSybil_0709,1,train,a951f3faa2c240a9,23361,0
GridSybil_0709,1,train,537b0991378b26e3,12087,0
GridSybil_0709,1,train,a7bbc43439464214,12345,0
GridSybil_0709,1,train,dab9327dcca9766f,24489,0
GridSybil_0709,1,train,ea2ee4c21927135b,22245,0
GridSybil_0709,1,train,c4faa4caec17bae2,12699,0
GridSybil_0709,1,train,08570b5abe391e20,11421,0
GridSybil_0709,1,train,fc74a4e38a7b3dd1,12519,0
GridSybil_0709,1,train,4c1dcdf524affaa5,23883,0
GridSybil_0709,1,train,cadd5e9f5e4d0848,24003,0
GridSybil_0709,1,train,cf66e3e802271271,12843,0
GridSybil_0709,1,train,a9d02e90f691609e,22125,0
GridSybil_0709,1,train,730a8e4495686c57,22725,0
GridSybil_0709,1,train,d7c1ffe75eaefead,11241,0
GridSybil_0709,1,train,c263559ba86c5c1e,10641,0
GridSybil_0709,1,train,d7bfd7c01fffaad8,10737,0
GridSybil_0709,1,train,6ba2e315fafda8f3,10779,0
GridSybil_0709,1,train,1c6e4b367475883e,12903,0
GridSybil_0709,1,train,a14dcef151020356,12327,0
GridSybil_0709,1,train,55b684a59d7b264b,23889,0
GridSybil_0709,1,train,e00eb0c26849ed94,24063,0
GridSybil_0709,1,train,a88abd1d2ccd41f2,13197,0
GridSybil_0709,1,train,512556ca508fac76,13101,0
GridSybil_0709,1,train,513658115d2280a9,11145,0
GridSybil_0709,1,train,770e61c4b5e3499f,23277,0
GridSybil_0709,1,train,93f2e87110c3d539,11787,0
GridSybil_0709,1,train,145985e63190c12c,23337,0
GridSybil_0709,1,train,9efefc432785f0dd,11007,0
GridSybil_0709,1,train,9383be04711037ae,21927,0
GridSybil_0709,1,train,e610fe0dc2d96278,21861,0
GridSybil_0709,1,train,2c7bd0e3721f34e1,12423,0
GridSybil_0709,1,train,c12a26c568886974,10881,0
GridSybil_0709,1,train,7081edc88fd2b2e5,22539,0
GridSybil_0709,1,train,a81f8844a96250ee,10599,0
GridSybil_0709,1,train,f86a4d2a78a86d6f,11607,0
GridSybil_0709,1,train,946e2079bc3f8bda,10431,0
GridSybil_0709,1,train,70d2fa43f1466d30,11979,0
GridSybil_0709,1,train,cf961d926ed445b7,13047,0
GridSybil_0709,1,train,6f241839096f7b5b,13137,0
GridSybil_0709,1,train,b454199b983b4b9e,12723,0
GridSybil_0709,1,train,eba0c07f9abeca1a,12009,0
GridSybil_0709,1,train,b80299ad25129298,23823,0
GridSybil_0709,1,train,6e55761105c859b5,24363,0
GridSybil_0709,1,train,bd831900ce1075d7,11073,1
GridSybil_0709,1,train,32f4b5047efa9e29,10431,0
GridSybil_0709,1,train,6da42b581af51d2e,23145,0
GridSybil_0709,1,train,06943198d48497eb,10545,0
GridSybil_0709,1,train,c13aecf974443f2f,23121,0
GridSybil_0709,1,train,85b79ab88c2c4a74,21735,1
GridSybil_0709,1,train,6b409441c84c6018,11577,0
GridSybil_0709,1,train,4fae41de31264062,11877,0
GridSybil_0709,1,train,021ba35f139c5260,24465,0
GridSybil_0709,1,train,43133b8596a6312c,21969,0
GridSybil_0709,1,train,f40a48724eba7fc0,22587,0
GridSybil_0709,1,train,d06c292d0acc4c9a,11739,0
GridSybil_0709,1,train,5b39245f318eb55c,10407,0
GridSybil_0709,1,train,9061db9b55315a4e,23649,0
GridSybil_0709,1,train,413eda3ae0592599,10983,0
GridSybil_0709,1,train,7797e54b3c001bb5,10617,0
GridSybil_0709,1,train,f63b5ae36083cfa1,12483,0
GridSybil_0709,1,train,b6167dd78d50433f,23799,0
GridSybil_0709,1,train,ec310430a02900d6,11217,0
GridSybil_0709,1,train,abe9de52809c24a5,12105,0
GridSybil_0709,1,train,b2befc5a72e681de,11565,0
GridSybil_0709,1,train,52306d6b5d17aad7,24507,0
GridSybil_0709,1,train,d6a3a9f7d4e6803f,22881,0
GridSybil_0709,1,train,e56b46ee58ed1a43,12201,0
GridSybil_0709,1,train,0bff8eea762d7942,24525,0
GridSybil_0709,1,train,1f5459aaf91944ec,23745,0
GridSybil_0709,1,train,af6538844582cc02,22965,0
GridSybil_0709,1,train,a012c69167262907,21621,0
GridSybil_0709,1,train,9d89198eefa55a97,12369,0
GridSybil_0709,1,train,ae103670c3dd5d2c,22563,0
GridSybil_0709,1,train,5542e7da68aa5929,10947,0
GridSybil_0709,1,train,8e46f103d9d26820,12357,0
GridSybil_0709,1,train,5da8880487137bd9,24357,0
GridSybil_0709,1,train,348849fe12cab707,23775,1
GridSybil_0709,1,train,5d3beaba3ae346ab,12441,0
GridSybil_0709,1,train,56aded328184ec9f,12279,0
GridSybil_0709,1,train,b9305520e07a0cb0,23817,0
GridSybil_0709,1,train,1b45b7fb764f8b61,11457,0
GridSybil_0709,1,train,67f1ec6653346ff9,22221,0
GridSybil_0709,1,train,52709b5c31421049,11049,0
GridSybil_0709,1,train,9f4b97b7eec81145,10485,0
GridSybil_0709,1,train,87c063f1fee9553e,10749,0
GridSybil_0709,1,train,2a5304f40ee6cbbc,11289,0
GridSybil_0709,1,train,65ab48d7f8d6e189,11103,0
GridSybil_0709,1,train,b97a893836e05be9,12249,0
GridSybil_0709,1,train,182fda0c6cefd835,12639,0
GridSybil_0709,1,train,5b16f22fe0783625,22407,0
GridSybil_0709,1,train,d7173ce2379ec872,23457,0
GridSybil_0709,1,train,e0f76fc508d96a32,21441,0
GridSybil_0709,1,train,9f1c5b091fd62587,13119,0
GridSybil_0709,1,train,a5bd19dfa3637c8c,11223,0
GridSybil_0709,1,train,476850b7fad8a813,12585,0
GridSybil_0709,1,train,0a28efcbe19a4f60,12021,0
GridSybil_0709,1,train,3e0ed6da62700edc,12075,1
GridSybil_0709,1,train,95cdd9128b4ef8f9,12243,0
GridSybil_0709,1,train,c05549218ee2b2f1,12477,0
GridSybil_0709,1,train,fa2ee72fe85a2986,10689,0
GridSybil_0709,1,train,128edc9fd5a6e4e1,12987,0
GridSybil_0709,1,train,43275696b92bccbf,12501,0
GridSybil_0709,1,train,fcb45c4e28b11d60,11097,0
GridSybil_0709,1,train,8a3166759627aab7,22479,0
GridSybil_0709,1,train,70692f878c4c253f,24021,0
GridSybil_0709,1,train,a5655c67f54a1ed5,22869,0
GridSybil_0709,1,train,a241b7226d6d7b3b,12081,0
GridSybil_0709,1,train,4eb759fe580f1792,10803,0
GridSybil_0709,1,train,9e3260c9d07ea3de,12387,0
GridSybil_0709,1,train,bf58d3a79f83cc70,12207,0
GridSybil_0709,1,train,921e0a46ca2c6375,12123,0
GridSybil_0709,1,train,fb3d55e8dd4aff3a,10809,0
GridSybil_0709,1,train,138db0522ba47670,23409,0
GridSybil_0709,1,train,fd38a86cf9451808,21543,0
GridSybil_0709,1,train,47d8f47bae3b97c2,11709,0
GridSybil_0709,1,train,7721c4f4aaa49891,23403,0
GridSybil_0709,1,train,c6721c0e5c682794,21945,0
GridSybil_0709,1,train,20affce185f07e5b,21825,0
GridSybil_0709,1,train,7f5a3448afab9d32,23841,0
GridSybil_0709,1,train,389638aba1ebcf4d,24399,0
GridSybil_0709,1,train,ce39704d1a17c66a,24267,0
GridSybil_0709,1,train,b875fb6040272f55,24369,0
GridSybil_0709,1,train,589a8bd4dbe87457,10587,0
GridSybil_0709,1,train,df63b794862efae4,22683,0
GridSybil_0709,1,train,ec04b21fb8e97630,12981,0
GridSybil_0709,1,train,6e55e7a8769e14a5,21627,0
GridSybil_0709,1,train,f7bd306240058964,11079,0
GridSybil_0709,1,train,cb89fc6ecd6669f3,22377,0
GridSybil_0709,1,train,1d804ec16a11768d,11181,0
GridSybil_0709,1,train,cfab90f9861ae88d,23265,0
GridSybil_0709,1,train,265405be23188552,22545,0
GridSybil_0709,1,train,a63e033f9f5710a2,21657,0
GridSybil_0709,1,train,b49f3fc1e6ea91f2,23907,0
GridSybil_0709,1,train,c0978672a9a0e539,24159,0
GridSybil_0709,1,train,2f133a1012d577b7,22515,1
GridSybil_0709,1,train,1fd4ea4975e09c3e,12537,0
GridSybil_0709,1,train,401b1d06a1a20137,10515,0
GridSybil_0709,1,train,0bcf568de23b6339,12801,0
GridSybil_0709,1,train,3d0da0cafba4281e,22179,0
GridSybil_0709,1,train,d69db4105217184a,23229,0
GridSybil_0709,1,train,7905fff97800cee0,22779,0
GridSybil_0709,1,train,df56f6137e4669c9,11583,0
GridSybil_0709,1,train,775d3da09e525912,12141,0
GridSybil_0709,1,train,38451f1abd54f878,11679,0
GridSybil_0709,1,train,2f3d42fb81166533,21669,0
GridSybil_0709,1,train,675e7bd57cc337fb,10683,0
GridSybil_0709,1,train,122bc0debc84fc9c,21717,0
GridSybil_0709,1,train,e2d6abf27bb8b5fb,22785,0
GridSybil_0709,1,train,af3009190826363f,22467,0
GridSybil_0709,1,train,290324490f4d437c,23577,0
GridSybil_0709,1,train,ef9b7faac9e3c067,21459,0
GridSybil_0709,1,train,1578237605b88f4e,11199,0
GridSybil_0709,1,train,776564fa21831ce8,11025,0
GridSybil_0709,1,train,61c8a36b74ae6258,10515,0
GridSybil_0709,1,train,6b92ee84c11b9af8,23019,0
GridSybil_0709,1,train,f9b6056e3b2ca144,22419,0
GridSybil_0709,1,train,6e9d463fa137f582,22899,0
GridSybil_0709,1,train,cbcb3645c09cd415,23661,0
GridSybil_0709,1,train,ea880eee6214fa62,24339,0
GridSybil_0709,1,train,eacda4fe1dd5f4de,22887,0
GridSybil_0709,1,train,411b9497f3f5ab6b,11235,1
GridSybil_0709,1,train,670d673f482599df,24381,0
GridSybil_0709,1,train,fb0354f5dd90ae42,11865,0
GridSybil_0709,1,train,fe3f8e0774154280,23349,0
GridSybil_0709,1,train,a6d8d9c6b4f16112,24009,0
GridSybil_0709,1,train,d3fbbec439a88e50,11409,0
GridSybil_0709,1,train,1587c1923449f9a6,13083,0
GridSybil_0709,1,train,6660012c801ab2c8,21819,0
GridSybil_0709,1,train,8ae6d205f0e91056,23979,0
GridSybil_0709,1,train,4be4e9dca75e9a08,24321,0
GridSybil_0709,1,train,88282e7aed78af02,10413,0
GridSybil_0709,1,train,8c8b4944c84e1cd9,13005,0
GridSybil_0709,1,train,0762c8c1d5bd79a5,21939,0
GridSybil_0709,1,train,883c753e5684dd7c,22239,0
GridSybil_0709,1,train,6a5a1e64dfa26c28,12975,1
GridSybil_0709,1,train,176bdec2e844fa84,10455,0
GridSybil_0709,1,train,bd9ef8588178cad4,13227,0
GridSybil_0709,1,train,fd3767430be27626,11559,0
GridSybil_0709,1,train,d911a4183c2e8e17,12993,1
GridSybil_0709,1,train,62a36aa5922a72d8,21963,0
GridSybil_0709,1,train,c4e1d53825229d8f,22365,0
GridSybil_0709,1,train,6450330ed2e3416d,22689,0
GridSybil_0709,1,train,03b7bbf50a207a7a,12597,0
GridSybil_0709,1,train,98f67b0b7efa1200,12777,0
GridSybil_0709,1,train,32dd17638df0e0e9,12465,0
GridSybil_0709,1,train,6013c857f774c755,13041,0
GridSybil_0709,1,train,58cf64697270240b,23619,0
GridSybil_0709,1,train,f76b2a3bc6974e11,21381,0
GridSybil_0709,1,train,f823d53e8e66b6cf,11469,0
GridSybil_0709,1,train,e3e0f438bec375da,24027,0
GridSybil_0709,1,train,d559104394f2e42f,12417,0
GridSybil_0709,1,train,a69bdec705326188,11001,0
GridSybil_0709,1,train,fec45da755c6dade,21597,0
GridSybil_0709,1,train,dd9bdbf7a5f98623,22389,0
GridSybil_0709,1,train,5df6fd83cbd5be98,12447,0
GridSybil_0709,1,train,228f33c4bbd8e1a6,22527,0
GridSybil_0709,1,train,02dd099f12b52f41,23787,0
GridSybil_0709,1,train,eda1089b63de8d6f,22485,0
GridSybil_0709,1,train,6eb2c32b193e9214,11967,0
GridSybil_0709,1,train,62a6f3e6d5bca286,12717,0
GridSybil_0709,1,train,2519cc74db361f0f,13023,0
GridSybil_0709,1,train,a84e9728ae7e36cb,12117,0
GridSybil_0709,1,train,d52a8719cf3d1315,23589,0
GridSybil_0709,1,train,0110a24067aa5432,22077,0
GridSybil_0709,1,train,848c321571ea7fc2,11685,0
GridSybil_0709,1,train,24057e7a10b45b53,21801,0
GridSybil_0709,1,train,f79cebdcba471de4,23901,0
GridSybil_0709,1,train,b41228b9a5a5c84f,12261,0
GridSybil_0709,1,train,9abded3a3c6e5cd9,22065,0
GridSybil_0709,1,train,b10e1135437bf6dd,12561,0
GridSybil_0709,1,train,b038aeed8e114e79,21759,0
GridSybil_0709,1,train,1da3fd85601ca41a,23169,0
GridSybil_0709,1,train,7b8f31a119361770,24231,1
GridSybil_0709,1,train,8ce8b357d4f56bd6,12303,0
GridSybil_0709,1,train,de0b610f4d06e7e5,12183,0
GridSybil_0709,1,train,2d02220c99d54349,23949,0
GridSybil_0709,1,train,4c62423af6a76951,12837,0
GridSybil_0709,1,train,37b2ebbc989c20aa,11649,0
GridSybil_0709,1,train,106673a3c70df493,11937,0
GridSybil_0709,1,train,c780a840787154ec,12927,0
GridSybil_0709,1,train,7a47cc5974214da4,23541,0
GridSybil_0709,1,train,52d4ca5e0477632d,11541,0
GridSybil_0709,1,train,74ef3db12c0e746a,12999,0
GridSybil_0709,1,train,029accc22a607bb6,21465,0
GridSybil_0709,1,train,77283f45e0f83f82,10713,1
GridSybil_0709,1,train,a0579358626aa40f,24459,0
GridSybil_0709,1,train,385ba62f8f0e72b4,12789,0
GridSybil_0709,1,train,b1090eb99580ad12,23481,0
GridSybil_0709,1,train,5ad8a6afd8a1a13c,22497,0
GridSybil_0709,1,train,a183af7e2dec91cf,23079,0
GridSybil_0709,1,train,86778eaca84d79af,10497,0
GridSybil_0709,1,train,565b441cc8f6da31,10887,0
GridSybil_0709,1,train,2efa5eb9b7f1f722,10515,0
GridSybil_0709,1,train,96f1991febb1e664,11301,0
GridSybil_0709,1,train,e7e2e3a155fca76e,12297,0
GridSybil_0709,1,train,2f846c68604a631b,23109,0
GridSybil_0709,1,train,8c7f6e8bf1cf382e,22461,0
GridSybil_0709,1,train,9afe35ab7bbf8d16,23805,0
GridSybil_0709,1,train,c64547c382ec8669,24483,0
GridSybil_0709,1,train,3ceb0faa845c9fb3,23727,0
GridSybil_0709,1,train,f599195f26a53783,24039,0
GridSybil_0709,1,train,282cf427b9dbccc7,21879,0
GridSybil_0709,1,train,1e4683bd2d45e74a,22581,0
GridSybil_0709,1,train,ae4b26cb236b1f19,21477,0
GridSybil_0709,1,train,1865a1d6c8aecf8b,21663,0
GridSybil_0709,1,train,098a706b8d6c2d77,11187,0
GridSybil_0709,1,train,7a7026c23a41bbe8,12849,0
GridSybil_0709,1,train,86cefab4faf2a5f1,12579,0
GridSybil_0709,1,train,d85f92558bf64c9e,11745,0
GridSybil_0709,1,train,07986f82cd01c012,22989,0
GridSybil_0709,1,train,9bec5b3625dfdd08,22743,0
GridSybil_0709,1,train,dd44efb89d0609b2,24243,0
GridSybil_0709,1,train,1a8cb719245ace04,10515,0
GridSybil_0709,1,train,023e10536b58613d,12807,0
GridSybil_0709,1,train,23c5c8acf8cd593e,12567,0
GridSybil_0709,1,train,ea214118a4b6254d,11397,0
GridSybil_0709,1,train,fe85ca669907ad32,22749,0
GridSybil_0709,1,train,f6daa0422a652f84,10347,0
GridSybil_0709,1,train,144ab8d736369c21,21345,0
GridSybil_0709,1,train,b20099ca50764f80,11859,0
GridSybil_0709,1,train,196f91a5558f2fff,22929,0
GridSybil_0709,1,train,f8c565a2cf7f48de,12879,0
GridSybil_0709,1,train,dc74c6e394417a24,23859,0
GridSybil_0709,1,train,97ac3c67f5ca6224,21921,0
GridSybil_0709,1,train,297510dc66323b6e,11547,0
GridSybil_0709,1,train,7481c03bc51bb6e1,21897,0
GridSybil_0709,1,train,ad2019b8e6e66418,22503,0
GridSybil_0709,1,train,a9b7fe9422697a7b,23943,0
GridSybil_0709,1,train,eeedb42ce94143e4,10527,0
GridSybil_0709,1,train,fc2eea4f71c4184e,21687,0
GridSybil_0709,1,train,4f8e268f666a6c07,10797,0
GridSybil_0709,1,train,417210699a08e989,24189,0
GridSybil_0709,1,train,3715e2dae5b0255e,12609,0
GridSybil_0709,1,train,96751c373f30a977,21957,0
GridSybil_0709,1,train,d47d0f991421b593,10965,0
GridSybil_0709,1,train,f3bfd0f217f95e24,23181,0
GridSybil_0709,1,train,744c9a6eef8a7345,23199,0
GridSybil_0709,1,train,70a3428dea605512,10455,0
GridSybil_0709,1,train,28c621c55ceb6bd1,21579,0
GridSybil_0709,1,train,82ccc14e884b9fbe,12219,0
GridSybil_0709,1,train,80b47d3dd69e366b,22029,0
GridSybil_0709,1,train,4c4103f8188ac018,23397,0
GridSybil_0709,1,train,38ec9fa2246bff54,24147,0
GridSybil_0709,1,train,36905ca773ed5b81,11319,0
GridSybil_0709,1,train,19166ea9a12271e1,23487,0
GridSybil_0709,1,train,8b40f5ed33c60cc9,24183,0
GridSybil_0709,1,train,6ccdcc21e0be543d,10515,0
GridSybil_0709,1,train,98b69593803ba4e1,22803,0
GridSybil_0709,1,train,9d32bb7f1c465bf3,24099,0
GridSybil_0709,1,train,4cccd5f91b47fab7,23877,0
GridSybil_0709,1,train,45b737d9a1437816,22401,0
GridSybil_0709,1,train,955903240f2044d0,11139,0
GridSybil_0709,1,train,1ec4d71acad9abcf,10431,0
GridSybil_0709,1,train,407e124e2d850a21,11439,0
GridSybil_0709,1,train,933f49d775f81d0e,23001,0
GridSybil_0709,1,train,45a01c13685fd5bb,22443,0
GridSybil_0709,1,train,98369bdab18155b8,23157,0
GridSybil_0709,1,train,32687fa4ccd399bc,10419,0
GridSybil_0709,1,train,975f98ea6055304f,21585,0
GridSybil_0709,1,train,99a8f8aab3d232b4,11997,0
GridSybil_0709,1,train,410cb9881b242e4c,23385,0
GridSybil_0709,1,train,0e503ced9b5fee9c,22839,0
GridSybil_0709,1,train,c58dfaa7d16fc7f6,11949,0
GridSybil_0709,1,train,191971bcd178a950,11799,0
GridSybil_0709,1,train,0302a0948ed1bb20,13077,0
GridSybil_0709,1,train,8b0b01e23e279fe7,22323,0
GridSybil_0709,1,train,4fdc1e4982da8b51,22569,0
GridSybil_0709,1,train,c04aae13a40e1868,23865,0
GridSybil_0709,1,train,8cf43b884fa89594,23367,0
GridSybil_0709,1,train,8319cf5ece96d056,10413,0
GridSybil_0709,1,train,2baafcde2eeb20ce,12885,0
GridSybil_0709,1,train,d3c9d9df9f856ce6,21903,0
GridSybil_0709,1,train,8dc651857e492f37,13143,0
GridSybil_0709,1,train,2722a4ec186b7c36,11019,0
GridSybil_0709,1,train,73240c139b6d9cca,10785,0
GridSybil_0709,1,train,5998362491b0fa94,23421,0
GridSybil_0709,1,train,40c556b7a6dafa2b,23919,0
GridSybil_0709,1,train,2927299a3a9bbe37,11505,0
GridSybil_0709,1,train,61eb2dc46767a9b6,11763,0
GridSybil_0709,1,train,daec33b0d5f06de4,12687,0
GridSybil_0709,1,train,455da943386bfe93,12765,0
GridSybil_0709,1,train,14e2615bd0d5cf38,24177,0
GridSybil_0709,1,train,7cea81a99f362868,11307,0
GridSybil_0709,1,train,6637f9d19bd4f23f,22977,0
GridSybil_0709,1,train,da3cd82cd2936b69,12285,0
GridSybil_0709,1,train,8afb6df1ce121f8c,24057,0
GridSybil_0709,1,train,e856a6d8d9f35901,10383,0
GridSybil_0709,1,train,3929ec59b7831b2f,13029,0
GridSybil_0709,1,train,cff609a58c85d111,22305,0
GridSybil_0709,1,train,c7037e1e9672ea5e,10917,0
GridSybil_0709,1,train,103694c7f2c2d649,11445,0
GridSybil_0709,1,train,3c674be6dc14fc7c,21549,0
GridSybil_0709,1,train,9582a77c74957cea,24297,0
GridSybil_0709,1,train,ec9de7ccc9ecbd30,24117,0
GridSybil_0709,1,train,450dc00622183481,10467,0
GridSybil_0709,1,train,3175e8c5d6275919,24597,0
GridSybil_0709,1,train,1e829723454f3bf2,12627,0
GridSybil_0709,1,train,beccdf204f47aea1,23067,0
GridSybil_0709,1,train,47c7d8cb15b96a1c,24561,0
GridSybil_0709,1,train,c81b6ea75e5b7154,13059,0
GridSybil_0709,1,train,df1e4bc6453134eb,21885,0
GridSybil_0709,1,train,4aa9fc45e77ff33a,13089,0
GridSybil_0709,1,train,e98e72064d35962b,12921,0
GridSybil_0709,1,train,f8aa111c81019def,12741,0
GridSybil_0709,1,train,80945e43a036a531,22329,0
GridSybil_0709,1,train,943a04119cd41566,10605,0
GridSybil_0709,1,train,16975edd06aee1c0,23127,0
GridSybil_0709,1,train,994648611a113d2b,24303,0
GridSybil_0709,1,train,aaa9f8a1f4f6fe03,21987,0
GridSybil_0709,1,train,4c8df2540a2c1efb,11805,0
GridSybil_0709,1,train,d85da1d5074bcf40,11907,0
GridSybil_0709,1,train,c5e79d347ce7160d,21783,0
GridSybil_0709,1,train,3ee5c987db7e0e6b,11919,0
GridSybil_0709,1,train,8162ccc9e4a4004b,22863,0
GridSybil_0709,1,train,08e755fd10cdee78,12663,0
GridSybil_0709,1,train,14558751ba3ee240,10431,0
GridSybil_0709,1,train,4b7337c4d9a615ad,23133,1
GridSybil_0709,1,train,cb58fe94cf2cf4e6,12363,0
GridSybil_0709,1,train,ad91795dd3862304,12267,0
GridSybil_0709,1,train,eef23eef07a4def6,24627,0
GridSybil_0709,1,train,2f89064712e8bb51,22089,0
GridSybil_0709,1,train,3ab38286f3566bee,23241,0
GridSybil_0709,1,test,5ee3bcbb01af64e3,21639,0
GridSybil_0709,1,test,d3f97bbb74d9ba3a,23523,0
GridSybil_0709,1,test,296cd9bf6feaebb6,12747,0
GridSybil_0709,1,test,af2207ab0856ffab,21705,0
GridSybil_0709,1,test,3b09160dc32a7cd0,10695,1
GridSybil_0709,1,test,d9c3de44de06565e,10923,0
GridSybil_0709,1,test,b724a85ba634820a,11361,0
GridSybil_0709,1,test,4f22c7f7791b6bce,11367,0
GridSybil_0709,1,test,87a1aa2afd7b7d4f,11247,0
GridSybil_0709,1,test,d943b28b7a16e86d,12003,0
GridSybil_0709,1,test,6402ed3f74725811,12861,0
GridSybil_0709,1,test,82691e211ea89cfa,11661,0
GridSybil_0709,1,test,8f795c197e297aa4,11043,0
GridSybil_0709,1,test,603bacf91c08ba49,21489,0
GridSybil_0709,1,test,adee5cb25ed26d9b,23997,0
GridSybil_0709,1,test,baf2cdfcd10f068c,23439,0
GridSybil_0709,1,test,8f98f43ee33d5aa2,21981,0
GridSybil_0709,1,test,6cd5349e5c08b4c9,11487,0
GridSybil_0709,1,test,2fe4715152877262,23427,0
GridSybil_0709,1,test,03e32ce70af0459e,12759,0
GridSybil_0709,1,test,96954854d0ac6110,21807,0
GridSybil_0709,1,test,75d6f64562112a62,11481,0
GridSybil_0709,1,test,cec3b2072a1c434f,10821,0
GridSybil_0709,1,test,8e71d875e3bdb70d,23829,0
GridSybil_0709,1,test,20c1363ed14e6718,12099,0
GridSybil_0709,1,test,4f80533cd58b311f,23763,0
GridSybil_0709,1,test,3dac8285b8479d8e,22023,0
GridSybil_0709,1,test,42a7cd387c027930,12939,0
GridSybil_0709,1,test,474be1fb876c8941,11343,0
GridSybil_0709,1,test,5d83b4767bf22331,22845,0
GridSybil_0709,1,test,0a24c39fc04ab63c,24585,0
GridSybil_0709,1,test,9f4ae5097006f53b,10521,0
GridSybil_0709,1,test,cbead705b52d97c6,21777,0
GridSybil_0709,1,test,c0dec5dcb771d773,23739,0
GridSybil_0709,1,test,5f41a671c58e4a06,12057,0
GridSybil_0709,1,test,6fd7e662aa8be282,22809,0
GridSybil_0709,1,test,5ff2f781116211fc,21429,0
GridSybil_0709,1,test,505bbda5df74dd91,22143,0
GridSybil_0709,1,test,79cac89789230b22,11229,0
GridSybil_0709,1,test,1df08066b1c003ad,24279,0
GridSybil_0709,1,test,33aaffcc0eea5ab4,22509,0
GridSybil_0709,1,test,1e59c686aa8f4c79,11085,0
GridSybil_0709,1,test,a27f376b7c3c353f,11337,0
GridSybil_0709,1,test,193b3ff847ff7037,11523,0
GridSybil_0709,1,test,2db91e197540f4d3,21723,0
GridSybil_0709,1,test,2ee007c0380b96d4,21285,0
GridSybil_0709,1,test,ba412b49a5b5a8d8,22905,0
GridSybil_0709,1,test,baf8de5500cd0a1e,11259,0
GridSybil_0709,1,test,53e87a1fb0abd78f,10461,0
GridSybil_0709,1,test,b1e981e6017bd7e0,12225,0
GridSybil_0709,1,test,424cc15880a94c98,10863,0
GridSybil_0709,1,test,e3d4b97b576bd54a,10977,0
GridSybil_0709,1,test,83c3246f76fffe33,10647,0
GridSybil_0709,1,test,8a2c286f090df970,24141,0
GridSybil_0709,1,test,79f8531061274064,21357,0
GridSybil_0709,1,test,9342ba1916f97e2a,12309,0
GridSybil_0709,1,test,68793abc7a27fce9,23247,0
GridSybil_0709,1,test,58d1fb0269f6aa4f,11961,0
GridSybil_0709,1,test,2a5cacfe49f81d92,13017,0
GridSybil_0709,1,test,3e7ee76e1dcc8d05,24081,0
GridSybil_0709,1,test,05e23c5d2663361d,22107,0
GridSybil_0709,1,test,270c0811b60919bc,11205,0
GridSybil_0709,1,test,1360b3cd9b31a3a2,10503,0
GridSybil_0709,1,test,86b6d71cc81721b2,21603,0
GridSybil_0709,1,test,b5355bd1789c0dc8,24087,0
GridSybil_0709,1,test,6332040abb242011,10725,0
GridSybil_0709,1,test,0744db6bad5d3c38,21303,0
GridSybil_0709,1,test,64502f6c806a46f3,23205,0
GridSybil_0709,1,test,e907812236b66d6e,11703,0
GridSybil_0709,1,test,0799774113fc90b1,24567,0
GridSybil_0709,1,test,df438fe3c3f96101,11841,0
GridSybil_0709,1,test,f38b4702b23032f5,21645,0
GridSybil_0709,1,test,541bb03b68717ad5,10557,0
GridSybil_0709,1,test,eb66ef3135f2e798,12189,0
GridSybil_0709,1,test,0d93ed2d7e48d759,23847,0
GridSybil_0709,1,test,dfaaceb3a56852ec,23985,0
GridSybil_0709,1,test,6ac587f35b5a7cde,21507,0
GridSybil_0709,1,test,ac6cb381a63a5afb,10761,0
GridSybil_0709,1,test,e9fc7ebec71b0088,10899,0
GridSybil_0709,1,test,a8b21b46fd1bda6c,22959,0
GridSybil_0709,1,test,1f7816b09e4c3f8a,22857,0
GridSybil_0709,1,test,b61244b37aab63a7,12159,0
GridSybil_0709,1,test,447141945f1c4c83,11721,0
GridSybil_0709,1,test,1f9c75a91c526b09,22317,0
GridSybil_0709,1,test,0b922c5efe7f4b11,21729,0
GridSybil_0709,1,test,f0cfb7df72817e8f,21423,0
GridSybil_0709,1,test,a83688ca79ea33ad,11349,0
GridSybil_0709,1,test,7c3e24c82b2f02df,24387,0
GridSybil_0709,1,test,ad66e40ee25df6bd,10437,0
GridSybil_0709,1,test,b0931faa5256e945,23283,0
GridSybil_0709,1,test,3481cbfa2b284e10,23187,0
GridSybil_0709,1,test,041280da460bc312,12783,0
GridSybil_0709,1,test,99a29165a9356478,22083,0
GridSybil_0709,1,test,1803765026c4df62,21561,0
GridSybil_0709,1,test,28d7b19365fe8ba9,22707,0
GridSybil_0709,1,test,15147846a733f7c4,23529,0
GridSybil_0709,1,test,55e058dd54ab0cbb,12819,0
GridSybil_0709,1,test,b5e991fa4e9170fe,11325,0
GridSybil_0709,1,test,e95a5ca6eec894c2,24237,0
GridSybil_0709,1,test,ffc92ceaca439b16,11283,0
GridSybil_0709,1,test,bfc3a926ab522d4f,24207,0
GridSybil_0709,1,test,f838d1ffee5f78f3,21405,0
GridSybil_0709,1,test,08562719ec11c89b,23445,0
GridSybil_0709,1,test,d742009c628c92d3,12507,0
GridSybil_0709,1,test,ae3e3204b1bb10af,21993,1
GridSybil_0709,1,test,ba14eeb3435ad488,23757,0
GridSybil_0709,1,test,938b6280eefd7d26,21909,0
GridSybil_0709,1,test,0d387f0bbac78961,11883,0
GridSybil_0709,1,test,c8e7bafaf4b9c51a,23325,0
GridSybil_0709,1,test,a83c4f712ce5fdbd,23517,0
GridSybil_0709,1,test,51fd64fca457f461,22917,0
GridSybil_0709,1,test,9594f2da08bd5ea3,10905,0
GridSybil_0709,1,test,14d29d9017b18ac8,22227,0
GridSybil_0709,1,test,1a8c23891e567b72,23343,0
GridSybil_0709,1,test,13b9a3a5b30381bc,22383,0
GridSybil_0709,1,test,a5dd98ef3ea32fa6,11463,0
GridSybil_0709,1,test,393a88a82eb9bc4a,23103,0
GridSybil_0709,1,test,817b6152e2c93aea,12237,0
GridSybil_0709,1,test,658164ec9d4ef859,23781,0
GridSybil_0709,1,test,f8595c32e6bf2645,24201,0
GridSybil_0709,1,test,32bff070232fde13,10845,0
GridSybil_0709,1,test,1ea017108988f163,12375,1
GridSybil_0709,1,test,3a41898caf4c490c,24543,0
GridSybil_0709,1,test,3006fe38d0c37414,21525,0
GridSybil_0709,1,test,8bd2996d49cf29f9,12963,0
GridSybil_0709,1,test,aa7395507cf098bf,10509,0
GridSybil_0709,1,test,09133fc1692ea12b,24249,0
GridSybil_0709,1,test,64c5322f313091ad,23961,0
GridSybil_0709,1,test,f2e738f34a77be49,24105,0
GridSybil_0709,1,test,0e5a8df46df2e672,23475,1
GridSybil_0709,1,test,fd714d727de1301a,22041,0
GridSybil_0709,1,test,d5c8329d5db80b20,13269,0
GridSybil_0709,1,test,1a5e2f075bf78d24,12645,0
GridSybil_0709,1,test,88daa49e1d7e3d6b,12063,0
GridSybil_0709,1,test,30e8928008d5e8aa,24045,0
GridSybil_0709,1,test,cf10c4c359d10850,12867,0
GridSybil_0709,1,test,c0445a2253fd7c42,11157,0
GridSybil_0709,1,test,eb5926eb5fb6efe9,21417,0
GridSybil_0709,1,test,b678aaf5065d53ec,22557,0
GridSybil_0709,1,test,f62e778360910845,23085,0
GridSybil_0709,1,test,ab55d9276c45a058,12525,0
GridSybil_0709,1,test,2e9fd68ff17fa948,10929,0
GridSybil_0709,1,test,c7cd4e717b1200af,22359,0
GridSybil_0709,1,test,bdf2f334566c57e1,23301,0
GridSybil_0709,1,test,40f71a22ba3925da,23505,0
GridSybil_0709,1,test,7845a118b47cc144,22617,0
GridSybil_0709,1,test,e584cf2edbe68fac,22719,0
GridSybil_0709,1,test,2ce9f0472c26da06,23307,0
GridSybil_0709,1,test,3cf6833fb747aa03,11823,0
GridSybil_0709,1,test,a3d23406dea11e4b,22599,0
GridSybil_0709,1,test,0ef7584a99f30bc2,22101,0
GridSybil_0709,1,test,6dac178b64cc50fe,22263,0
GridSybil_0709,1,test,c81ff55b90c308f0,10767,0
GridSybil_0709,1,test,0001a4e494895e2c,11889,0
GridSybil_0709,1,test,ae077013e4059d1a,13161,0
GridSybil_0709,1,test,766a3886cdb8f649,11817,0
GridSybil_0709,1,test,2afaf0703950d894,21369,0
GridSybil_0709,1,test,e52ef934475aaa88,13209,0
GridSybil_0709,1,test,8d795f01ec9eb414,11037,0
GridSybil_0709,1,test,98ab00d299cde750,21789,0
GridSybil_0709,1,test,72e308084e412535,10857,0
GridSybil_0709,1,test,8ece53c55f060537,21483,0
GridSybil_0709,1,test,f250f90d61e69370,12429,0
GridSybil_0709,1,test,69cb2b5fb903ffc1,23289,0
GridSybil_0709,1,test,15ea3f2acb628a58,10989,0
GridSybil_0709,1,test,773b2518565ae2a4,13167,0
GridSybil_0709,1,test,87025b8f268b2742,11589,0
GridSybil_0709,1,test,2698c435fe6050a0,23097,0
GridSybil_0709,1,test,f9494814de9d20c1,21765,0
GridSybil_0709,1,test,183bfb517d9ad1f9,10659,0
GridSybil_0709,1,test,dd6444c542efb8f9,23793,1
GridSybil_0709,1,test,1390d67e31c51140,22299,0
GridSybil_0709,1,test,39866f7f5f5a89f4,24429,0
GridSybil_0709,1,test,76dd79f0d657f4bc,21843,0
GridSybil_0709,1,test,e3ba921edc7f4597,23709,0
GridSybil_0709,1,test,d2f95b62aaf0530e,22059,0
GridSybil_0709,1,test,0a2ec4d5b2482654,21999,0
GridSybil_0709,1,test,02be9feb9012da20,11061,0
GridSybil_0709,1,test,d7eb4876d2a1a590,12489,0
GridSybil_0709,1,test,bc6b2503326c02d2,10623,0
GridSybil_0709,1,test,bcff996ad9ed836e,10323,0
GridSybil_0709,1,test,311f5c22e3acf651,10743,0
GridSybil_0709,1,test,6593cd75eec22fd4,12405,0
GridSybil_0709,1,test,b49fc47f2f886604,12177,0
GridSybil_0709,1,test,1f8e4707374dd54f,11127,0
GridSybil_0709,1,test,8b571b7698e2b495,24447,0
GridSybil_0709,1,test,a58b2fd8c55347d7,22281,0
GridSybil_0709,1,test,e041f9f42bc2e9ef,21609,0
GridSybil_0709,1,test,dc37754408bc15c8,10701,0
GridSybil_0709,1,test,e8d836c7651037fa,23967,0
GridSybil_0709,1,test,cc0940451903154e,13107,0
GridSybil_0709,1,test,1049e749772d86dd,11943,0
GridSybil_0709,1,test,8c197b3e78f14194,22119,0
GridSybil_0709,1,test,9e10a4cf9a6a4ca6,21867,0
GridSybil_0709,1,test,e8892b8decf427cd,22821,0
GridSybil_0709,1,test,fb7202650b533db0,12549,0
GridSybil_0709,1,test,5823b545fd0b7461,21699,0
GridSybil_0709,1,test,41c8b2e454d09487,23049,0
GridSybil_0709,1,test,1c78e6e136d03e5d,12657,0
GridSybil_0709,1,test,74b08620846c03e9,11925,0
GridSybil_0709,1,test,5e280be3dd86aa0f,21591,1
GridSybil_0709,1,test,79d9d199fa4d7520,23697,0
GridSybil_0709,1,test,165b9ab441272086,23559,0
GridSybil_0709,1,test,a347b9a1d501e691,12603,0
GridSybil_0709,1,test,fa216186219c4610,10479,0
GridSybil_0709,1,test,5d9a5798683de86c,10827,0
GridSybil_0709,1,test,e70e6620caabd3f7,22605,0
GridSybil_0709,1,test,729a36253bf29852,12969,0
GridSybil_0709,1,test,252d1de6f5fc93c6,22209,0
GridSybil_0709,1,test,e1d52ddf9babf4d0,11601,0
GridSybil_0709,1,test,0166a28896203838,10869,0
GridSybil_0709,1,test,364aee8b8ba1a6f0,24579,0
GridSybil_0709,1,test,e092655ad685f48a,23469,0
GridSybil_0709,1,test,ee40b8d1e37a95d6,21243,0
GridSybil_0709,1,test,d17451b53186c67c,22797,0
GridSybil_0709,1,test,c93b857ad90e290e,13149,0
GridSybil_0709,1,test,8547c46a1f9418d1,23583,0
GridSybil_0709,1,test,2092c47f1eab47d7,11067,0
GridSybil_0709,2,train,3aa63fc58bd28e8a,11385,0
GridSybil_0709,2,train,56aded328184ec9f,12279,0
GridSybil_0709,2,train,fa2ee72fe85a2986,10689,0
GridSybil_0709,2,train,87a1aa2afd7b7d4f,11247,0
GridSybil_0709,2,train,8e46f103d9d26820,12357,0
GridSybil_0709,2,train,f3bfd0f217f95e24,23181,0
GridSybil_0709,2,train,86cefab4faf2a5f1,12579,0
GridSybil_0709,2,train,d559104394f2e42f,12417,0
GridSybil_0709,2,train,675e7bd57cc337fb,10683,0
GridSybil_0709,2,train,53e87a1fb0abd78f,10461,0
GridSybil_0709,2,train,e84c21209fc4a744,11109,0
GridSybil_0709,2,train,7081edc88fd2b2e5,22539,0
GridSybil_0709,2,train,0744db6bad5d3c38,21303,0
GridSybil_0709,2,train,1c6e4b367475883e,12903,0
GridSybil_0709,2,train,79f8531061274064,21357,0
GridSybil_0709,2,train,d5c8329d5db80b20,13269,0
GridSybil_0709,2,train,9f4ae5097006f53b,10521,0
GridSybil_0709,2,train,b0931faa5256e945,23283,0
GridSybil_0709,2,train,ce66fe618b415ec2,22131,1
GridSybil_0709,2,train,9f4b97b7eec81145,10485,0
GridSybil_0709,2,train,20c1363ed14e6718,12099,0
GridSybil_0709,2,train,dc74c6e394417a24,23859,0
GridSybil_0709,2,train,cf98284499e98c39,12729,0
GridSybil_0709,2,train,d0cb7fe11641049d,11847,0
GridSybil_0709,2,train,0ef7584a99f30bc2,22101,0
GridSybil_0709,2,train,14e2615bd0d5cf38,24177,0
GridSybil_0709,2,train,6b409441c84c6018,11577,0
GridSybil_0709,2,train,23da6a17903b8065,21849,0
GridSybil_0709,2,train,eba0c07f9abeca1a,12009,0
GridSybil_0709,2,train,5f41a671c58e4a06,12057,0
GridSybil_0709,2,train,80945e43a036a531,22329,0
GridSybil_0709,2,train,71cda1854759c08b,10719,0
GridSybil_0709,2,train,994648611a113d2b,24303,0
GridSybil_0709,2,train,f76b2a3bc6974e11,21381,0
GridSybil_0709,2,train,d7bfd7c01fffaad8,10737,0
GridSybil_0709,2,train,8446873ce83d73cf,10839,0
GridSybil_0709,2,train,96751c373f30a977,21957,0
GridSybil_0709,2,train,78477f1996c9a488,23379,0
GridSybil_0709,2,train,ec310430a02900d6,11217,0
GridSybil_0709,2,train,5b16f22fe0783625,22407,0
GridSybil_0709,2,train,eb66ef3135f2e798,12189,0
GridSybil_0709,2,train,55abf551f80c7b60,11379,0
GridSybil_0709,2,train,c6721c0e5c682794,21945,0
GridSybil_0709,2,train,f823d53e8e66b6cf,11469,0
GridSybil_0709,2,train,08e755fd10cdee78,12663,0
GridSybil_0709,2,train,57f25d6fc7d42455,23637,0
GridSybil_0709,2,train,c0978672a9a0e539,24159,0
GridSybil_0709,2,train,88282e7aed78af02,10413,0
GridSybil_0709,2,train,c64547c382ec8669,24483,0
GridSybil_0709,2,train,1afe517741519277,21681,0
GridSybil_0709,2,train,9383be04711037ae,21927,0
GridSybil_0709,2,train,481d600f75f27e37,12993,1
GridSybil_0709,2,train,2f89064712e8bb51,22089,0
GridSybil_0709,2,train,4f80533cd58b311f,23763,0
GridSybil_0709,2,train,840bd7189465fffe,23037,0
GridSybil_0709,2,train,6e55e7a8769e14a5,21627,0
GridSybil_0709,2,train,a14dcef151020356,12327,0
GridSybil_0709,2,train,f2e738f34a77be49,24105,0
GridSybil_0709,2,train,1803765026c4df62,21561,0
GridSybil_0709,2,train,69cb2b5fb903ffc1,23289,0
GridSybil_0709,2,train,87c063f1fee9553e,10749,0
GridSybil_0709,2,train,2a5304f40ee6cbbc,11289,0
GridSybil_0709,2,train,2680e1816de8429c,23547,0
GridSybil_0709,2,train,b996ff998a817b00,21537,0
GridSybil_0709,2,train,282cf427b9dbccc7,21879,0
GridSybil_0709,2,train,e5e29f432a4587c4,23463,0
GridSybil_0709,2,train,b02637a521121d21,10941,0
GridSybil_0709,2,train,0a2ec4d5b2482654,21999,0
GridSybil_0709,2,train,6fd7e662aa8be282,22809,0
GridSybil_0709,2,train,9d89198eefa55a97,12369,0
GridSybil_0709,2,train,ef46cd6e7fc6f5c8,13179,0
GridSybil_0709,2,train,ad66e40ee25df6bd,10437,0
GridSybil_0709,2,train,af6538844582cc02,22965,0
GridSybil_0709,2,train,417210699a08e989,24189,0
GridSybil_0709,2,train,a3d23406dea11e4b,22599,0
GridSybil_0709,2,train,f38b4702b23032f5,21645,0
GridSybil_0709,2,train,03b7bbf50a207a7a,12597,0
GridSybil_0709,2,train,69ae637cddc0343c,23937,0
GridSybil_0709,2,train,39f53f028fe6a47d,10569,0
GridSybil_0709,2,train,0799774113fc90b1,24567,0
GridSybil_0709,2,train,b1e981e6017bd7e0,12225,0
GridSybil_0709,2,train,2722a4ec186b7c36,11019,0
GridSybil_0709,2,train,39866f7f5f5a89f4,24429,0
GridSybil_0709,2,train,296cd9bf6feaebb6,12747,0
GridSybil_0709,2,train,144ab8d736369c21,21345,0
GridSybil_0709,2,train,6f241839096f7b5b,13137,0
GridSybil_0709,2,train,75d6f64562112a62,11481,0
GridSybil_0709,2,train,1a8c23891e567b72,23343,0
GridSybil_0709,2,train,5d3beaba3ae346ab,12441,0
GridSybil_0709,2,train,64502f6c806a46f3,23205,0
GridSybil_0709,2,train,e584cf2edbe68fac,22719,0
GridSybil_0709,2,train,b724a85ba634820a,11361,0
GridSybil_0709,2,train,a8b21b46fd1bda6c,22959,0
GridSybil_0709,2,train,776564fa21831ce8,11025,0
GridSybil_0709,2,train,dcfd4e0dda2d9713,22425,0
GridSybil_0709,2,train,28c621c55ceb6bd1,21579,0
GridSybil_0709,2,train,0bcf568de23b6339,12801,0
GridSybil_0709,2,train,b5355bd1789c0dc8,24087,0
GridSybil_0709,2,train,fec45da755c6dade,21597,0
GridSybil_0709,2,train,0f6dc20704e16feb,10665,0
GridSybil_0709,2,train,9eaaea2a71e0f8e2,24285,0
GridSybil_0709,2,train,40f71a22ba3925da,23505,0
GridSybil_0709,2,train,eda1089b63de8d6f,22485,0
GridSybil_0709,2,train,ffc92ceaca439b16,11283,0
GridSybil_0709,2,train,c81ff55b90c308f0,10767,0
GridSybil_0709,2,train,b2a866a417d71ec3,24417,0
GridSybil_0709,2,train,ec9de7ccc9ecbd30,24117,0
GridSybil_0709,2,train,3481cbfa2b284e10,23187,0
GridSybil_0709,2,train,80b47d3dd69e366b,22029,0
GridSybil_0709,2,train,d34b2cfcd05e2daf,12825,0
GridSybil_0709,2,train,fc74a4e38a7b3dd1,12519,0
GridSybil_0709,2,train,df1e4bc6453134eb,21885,0
GridSybil_0709,2,train,e856a6d8d9f35901,10383,0
GridSybil_0709,2,train,abe9de52809c24a5,12105,0
GridSybil_0709,2,train,0d387f0bbac78961,11883,0
GridSybil_0709,2,train,c263559ba86c5c1e,10641,0
GridSybil_0709,2,train,4c1dcdf524affaa5,23883,0
GridSybil_0709,2,train,96954854d0ac6110,21807,0
GridSybil_0709,2,train,98369bdab18155b8,23157,0
GridSybil_0709,2,train,d7eb4876d2a1a590,12489,0
GridSybil_0709,2,train,ac094649890a4b65,12339,0
GridSybil_0709,2,train,a347b9a1d501e691,12603,0
GridSybil_0709,2,train,9a6e21b30c9a10cf,21501,0
GridSybil_0709,2,train,a58b2fd8c55347d7,22281,0
GridSybil_0709,2,train,72e308084e412535,10857,0
GridSybil_0709,2,train,82691e211ea89cfa,11661,0
GridSybil_0709,2,train,955903240f2044d0,11139,0
GridSybil_0709,2,train,79cac89789230b22,11229,0
GridSybil_0709,2,train,8162ccc9e4a4004b,22863,0
GridSybil_0709,2,train,5542e7da68aa5929,10947,0
GridSybil_0709,2,train,1f8e4707374dd54f,11127,0
GridSybil_0709,2,train,82ccc14e884b9fbe,12219,0
GridSybil_0709,2,train,8bd2996d49cf29f9,12963,0
GridSybil_0709,2,train,2db91e197540f4d3,21723,0
GridSybil_0709,2,train,5ee3bcbb01af64e3,21639,0
GridSybil_0709,2,train,bf0c3b2436dcf1b1,23433,1
GridSybil_0709,2,train,ab55d9276c45a058,12525,0
GridSybil_0709,2,train,106673a3c70df493,11937,0
GridSybil_0709,2,train,183bfb517d9ad1f9,10659,0
GridSybil_0709,2,train,f838d1ffee5f78f3,21405,0
GridSybil_0709,2,train,2f846c68604a631b,23109,0
GridSybil_0709,2,train,8aa9b3cd46392195,24123,0
GridSybil_0709,2,train,3cd9aa61bd700994,11427,0
GridSybil_0709,2,train,88daa49e1d7e3d6b,12063,0
GridSybil_0709,2,train,b49f3fc1e6ea91f2,23907,0
GridSybil_0709,2,train,041280da460bc312,12783,0
GridSybil_0709,2,train,93f2e87110c3d539,11787,0
GridSybil_0709,2,train,0f59930c993bf8b9,11499,0
GridSybil_0709,2,train,3a258cbc6623df10,10539,0
GridSybil_0709,2,train,ad2019b8e6e66418,22503,0
GridSybil_0709,2,train,e0f76fc508d96a32,21441,0
GridSybil_0709,2,train,8547c46a1f9418d1,23583,0
GridSybil_0709,2,train,d69db4105217184a,23229,0
GridSybil_0709,2,train,6c52a7b8751f42c2,21747,0
GridSybil_0709,2,train,d3f97bbb74d9ba3a,23523,0
GridSybil_0709,2,train,55b684a59d7b264b,23889,0
GridSybil_0709,2,train,c780a840787154ec,12927,0
GridSybil_0709,2,train,e8d836c7651037fa,23967,0
GridSybil_0709,2,train,5da8880487137bd9,24357,0
GridSybil_0709,2,train,2f3d42fb81166533,21669,0
GridSybil_0709,2,train,f7bd306240058964,11079,0
GridSybil_0709,2,train,817b6152e2c93aea,12237,0
GridSybil_0709,2,train,9d32bb7f1c465bf3,24099,0
GridSybil_0709,2,train,82faafadacf70c03,11757,0
GridSybil_0709,2,train,4eb759fe580f1792,10803,0
GridSybil_0709,2,train,32dd17638df0e0e9,12465,0
GridSybil_0709,2,train,cbcb3645c09cd415,23661,0
GridSybil_0709,2,train,1e4683bd2d45e74a,22581,0
GridSybil_0709,2,train,adee5cb25ed26d9b,23997,0
GridSybil_0709,2,train,8b571b7698e2b495,24447,0
GridSybil_0709,2,train,d72bb386b0bfdfc7,11169,0
GridSybil_0709,2,train,fc2eea4f71c4184e,21687,0
GridSybil_0709,2,train,cdf6e9159fc1f5b5,12957,0
GridSybil_0709,2,train,f62e778360910845,23085,0
GridSybil_0709,2,train,389638aba1ebcf4d,24399,0
GridSybil_0709,2,train,f8aa111c81019def,12741,0
GridSybil_0709,2,train,c40591fe1d5a5561,12543,0
GridSybil_0709,2,train,5c7f89fe1fed1e2a,11781,0
GridSybil_0709,2,train,a83688ca79ea33ad,11349,0
GridSybil_0709,2,train,ee40b8d1e37a95d6,21243,0
GridSybil_0709,2,train,a6d8d9c6b4f16112,24009,0
GridSybil_0709,2,train,fa7a0731b356f1fb,11667,0
GridSybil_0709,2,train,6332040abb242011,10725,0
GridSybil_0709,2,train,9342ba1916f97e2a,12309,0
GridSybil_0709,2,train,d3c9d9df9f856ce6,21903,0
GridSybil_0709,2,train,bb179342858e4bbb,23769,0
GridSybil_0709,2,train,2ee007c0380b96d4,21285,0
GridSybil_0709,2,train,df63b794862efae4,22683,0
GridSybil_0709,2,train,3a41898caf4c490c,24543,0
GridSybil_0709,2,train,3ab38286f3566bee,23241,0
GridSybil_0709,2,train,975f98ea6055304f,21585,0
GridSybil_0709,2,train,98ab00d299cde750,21789,0
GridSybil_0709,2,train,410cb9881b242e4c,23385,0
GridSybil_0709,2,train,02dd099f12b52f41,23787,0
GridSybil_0709,2,train,1865a1d6c8aecf8b,21663,0
GridSybil_0709,2,train,311f5c22e3acf651,10743,0
GridSybil_0709,2,train,766a3886cdb8f649,11817,0
GridSybil_0709,2,train,fb0354f5dd90ae42,11865,0
GridSybil_0709,2,train,2baafcde2eeb20ce,12885,0
GridSybil_0709,2,train,d3fbbec439a88e50,11409,0
GridSybil_0709,2,train,7fdc91fabd5204b8,23571,1
GridSybil_0709,2,train,16975edd06aee1c0,23127,0
GridSybil_0709,2,train,5d83b4767bf22331,22845,0
GridSybil_0709,2,train,37e9735a19d8aa1a,24261,0
GridSybil_0709,2,train,1f7e4ddc925dfcac,22161,0
GridSybil_0709,2,train,99a8f8aab3d232b4,11997,0
GridSybil_0709,2,train,9e3260c9d07ea3de,12387,0
GridSybil_0709,2,train,ae4b26cb236b1f19,21477,0
GridSybil_0709,2,train,773b2518565ae2a4,13167,0
GridSybil_0709,2,train,38ec9fa2246bff54,24147,0
GridSybil_0709,2,train,f64b635fc2d024b6,22947,0
GridSybil_0709,2,train,842f8d0cc6ea17fd,23061,0
GridSybil_0709,2,train,f9b6056e3b2ca144,22419,0
GridSybil_0709,2,train,1049e749772d86dd,11943,0
GridSybil_0709,2,train,f8595c32e6bf2645,24201,0
GridSybil_0709,2,train,4cccd5f91b47fab7,23877,0
GridSybil_0709,2,train,9e2e12219df9389a,22053,1
GridSybil_0709,2,train,eacda4fe1dd5f4de,22887,0
GridSybil_0709,2,train,8c52ac5028bc4199,12669,0
GridSybil_0709,2,train,8c7f6e8bf1cf382e,22461,0
GridSybil_0709,2,train,5192b7fe71158660,13065,0
GridSybil_0709,2,train,c4faa4caec17bae2,12699,0
GridSybil_0709,2,train,32bff070232fde13,10845,0
GridSybil_0709,2,train,6593cd75eec22fd4,12405,0
GridSybil_0709,2,train,a951f3faa2c240a9,23361,0
GridSybil_0709,2,train,f86a4d2a78a86d6f,11607,0
GridSybil_0709,2,train,dab9327dcca9766f,24489,0
GridSybil_0709,2,train,0b6b6704d4ee2e3f,22521,0
GridSybil_0709,2,train,589a8bd4dbe87457,10587,0
GridSybil_0709,2,train,0d93ed2d7e48d759,23847,0
GridSybil_0709,2,train,cc0940451903154e,13107,0
GridSybil_0709,2,train,c5e79d347ce7160d,21783,0
GridSybil_0709,2,train,e3d4b97b576bd54a,10977,0
GridSybil_0709,2,train,dd9bdbf7a5f98623,22389,0
GridSybil_0709,2,train,658164ec9d4ef859,23781,0
GridSybil_0709,2,train,3cf6833fb747aa03,11823,0
GridSybil_0709,2,train,df56f6137e4669c9,11583,0
GridSybil_0709,2,train,b49fc47f2f886604,12177,0
GridSybil_0709,2,train,23c5c8acf8cd593e,12567,0
GridSybil_0709,2,train,02be9feb9012da20,11061,0
GridSybil_0709,2,train,47c7d8cb15b96a1c,24561,0
GridSybil_0709,2,train,fefb81926266fa4c,12129,0
GridSybil_0709,2,train,62a6f3e6d5bca286,12717,0
GridSybil_0709,2,train,30e8928008d5e8aa,24045,0
GridSybil_0709,2,train,20affce185f07e5b,21825,0
GridSybil_0709,2,train,a5655c67f54a1ed5,22869,0
GridSybil_0709,2,train,8c197b3e78f14194,22119,0
GridSybil_0709,2,train,c0445a2253fd7c42,11157,0
GridSybil_0709,2,train,8af60cce9ff802f4,12681,0
GridSybil_0709,2,train,79d9d199fa4d7520,23697,0
GridSybil_0709,2,train,512556ca508fac76,13101,0
GridSybil_0709,2,train,e9fc7ebec71b0088,10899,0
GridSybil_0709,2,train,476850b7fad8a813,12585,0
GridSybil_0709,2,train,cbead705b52d97c6,21777,0
GridSybil_0709,2,train,d06c292d0acc4c9a,11739,0
GridSybil_0709,2,train,83c3246f76fffe33,10647,0
GridSybil_0709,2,train,4f8e268f666a6c07,10797,0
GridSybil_0709,2,train,36905ca773ed5b81,11319,0
GridSybil_0709,2,train,74b08620846c03e9,11925,0
GridSybil_0709,2,train,729a36253bf29852,12969,0
GridSybil_0709,2,train,88dd3363f956004a,22287,0
GridSybil_0709,2,train,145985e63190c12c,23337,0
GridSybil_0709,2,train,eef23eef07a4def6,24627,0
GridSybil_0709,2,train,09133fc1692ea12b,24249,0
GridSybil_0709,2,train,e56b46ee58ed1a43,12201,0
GridSybil_0709,2,train,3006fe38d0c37414,21525,0
GridSybil_0709,2,train,cec3b2072a1c434f,10821,0
GridSybil_0709,2,train,565b441cc8f6da31,10887,0
GridSybil_0709,2,train,933f49d775f81d0e,23001,0
GridSybil_0709,2,train,1dcbe9826eb10047,12459,0
GridSybil_0709,2,train,b5e991fa4e9170fe,11325,0
GridSybil_0709,2,train,99e2a3ffff98f909,22923,0
GridSybil_0709,2,train,73056407366c90b5,23667,0
GridSybil_0709,2,train,a5dd98ef3ea32fa6,11463,0
GridSybil_0709,2,train,603bacf91c08ba49,21489,0
GridSybil_0709,2,train,60c211f90d1020f9,13257,0
GridSybil_0709,2,train,ed162f2e2979a0ee,24327,0
GridSybil_0709,2,train,c0dec5dcb771d773,23739,0
GridSybil_0709,2,train,d277074785aec3e0,23721,0
GridSybil_0709,2,train,e1ad2eaea48604d0,11625,0
GridSybil_0709,2,train,aaa9f8a1f4f6fe03,21987,0
GridSybil_0709,2,train,5ad8a6afd8a1a13c,22497,0
GridSybil_0709,2,train,1f9c75a91c526b09,22317,0
GridSybil_0709,2,train,996b71bcf53290a1,11193,1
GridSybil_0709,2,train,b5946de39725409e,23217,0
GridSybil_0709,2,train,99a29165a9356478,22083,0
GridSybil_0709,2,train,b1bca6957a04b496,10449,0
GridSybil_0709,2,train,385ba62f8f0e72b4,12789,0
GridSybil_0709,2,train,d17451b53186c67c,22797,0
GridSybil_0709,2,train,e3611853e91928a5,10959,0
GridSybil_0709,2,train,98b69593803ba4e1,22803,0
GridSybil_0709,2,train,7905fff97800cee0,22779,0
GridSybil_0709,2,train,f79cebdcba471de4,23901,0
GridSybil_0709,2,train,165b9ab441272086,23559,0
GridSybil_0709,2,train,8efebd02702731ab,23607,0
GridSybil_0709,2,train,a5bd19dfa3637c8c,11223,0
GridSybil_0709,2,train,2e1b13cec0774998,11775,1
GridSybil_0709,2,train,9f60709cf7d67846,11643,0
GridSybil_0709,2,train,bcff996ad9ed836e,10323,0
GridSybil_0709,2,train,08570b5abe391e20,11421,0
GridSybil_0709,2,train,1ef39df75cdfdfad,12531,1
GridSybil_0709,2,train,baf2cdfcd10f068c,23439,0
GridSybil_0709,2,train,15ea3f2acb628a58,10989,0
GridSybil_0709,2,train,2ab822b61a2713be,11091,1
GridSybil_0709,2,train,029accc22a607bb6,21465,0
GridSybil_0709,2,train,e8892b8decf427cd,22821,0
GridSybil_0709,2,train,ea2ee4c21927135b,22245,0
GridSybil_0709,2,train,2a5cacfe49f81d92,13017,0
GridSybil_0709,2,train,6e55761105c859b5,24363,0
GridSybil_0709,2,train,d85da1d5074bcf40,11907,0
GridSybil_0709,2,train,f63b5ae36083cfa1,12483,0
GridSybil_0709,2,train,6637f9d19bd4f23f,22977,0
GridSybil_0709,2,train,f00be15e464034bf,22665,0
GridSybil_0709,2,train,cfab90f9861ae88d,23265,0
GridSybil_0709,2,train,d7c1ffe75eaefead,11241,0
GridSybil_0709,2,train,b354e1affa134034,12315,1
GridSybil_0709,2,train,9abded3a3c6e5cd9,22065,0
GridSybil_0709,2,train,34e6fdaee1c1fc7f,23043,0
GridSybil_0709,2,train,0bff8eea762d7942,24525,0
GridSybil_0709,2,train,671901863bb57c7a,10707,0
GridSybil_0709,2,train,ad91795dd3862304,12267,0
GridSybil_0709,2,train,cb89fc6ecd6669f3,22377,0
GridSybil_0709,2,train,f9fae27df0819f6e,12399,0
GridSybil_0709,2,train,1fd4ea4975e09c3e,12537,0
GridSybil_0709,2,train,1e59c686aa8f4c79,11085,0
GridSybil_0709,2,train,fcb45c4e28b11d60,11097,0
GridSybil_0709,2,train,76dd79f0d657f4bc,21843,0
GridSybil_0709,2,train,95d76ee9a3c09678,23679,0
GridSybil_0709,2,train,62a36aa5922a72d8,21963,0
GridSybil_0709,2,train,513658115d2280a9,11145,0
GridSybil_0709,2,train,4e38915a1984670b,11727,0
GridSybil_0709,2,train,a9b7fe9422697a7b,23943,0
GridSybil_0709,2,train,ac6cb381a63a5afb,10761,0
GridSybil_0709,2,train,6b92ee84c11b9af8,23019,0
GridSybil_0709,2,train,c7cd4e717b1200af,22359,0
GridSybil_0709,2,train,0444ac6522f01b86,24225,0
GridSybil_0709,2,train,0302a0948ed1bb20,13077,0
GridSybil_0709,2,train,122bc0debc84fc9c,21717,0
GridSybil_0709,2,train,14d29d9017b18ac8,22227,0
GridSybil_0709,2,train,d52a8719cf3d1315,23589,0
GridSybil_0709,2,train,27781924688026ed,23163,0
GridSybil_0709,2,train,c559f1272ac122d4,10581,0
GridSybil_0709,2,train,87025b8f268b2742,11589,0
GridSybil_0709,2,train,e2d6abf27bb8b5fb,22785,0
GridSybil_0709,2,train,8afb6df1ce121f8c,24057,0
GridSybil_0709,2,train,cf10c4c359d10850,12867,0
GridSybil_0709,2,train,90a1e6439dffc802,22149,0
GridSybil_0709,2,train,6450330ed2e3416d,22689,0
GridSybil_0709,2,train,0a24c39fc04ab63c,24585,0
GridSybil_0709,2,train,c05549218ee2b2f1,12477,0
GridSybil_0709,2,train,7a7026c23a41bbe8,12849,0
GridSybil_0709,2,train,cf66e3e802271271,12843,0
GridSybil_0709,2,train,ce39704d1a17c66a,24267,0
GridSybil_0709,2,train,3188010f90f0abd7,11637,0
GridSybil_0709,2,train,96f1991febb1e664,11301,0
GridSybil_0709,2,train,68793abc7a27fce9,23247,0
GridSybil_0709,2,train,1d804ec16a11768d,11181,0
GridSybil_0709,2,train,541bb03b68717ad5,10557,0
GridSybil_0709,2,train,d4b5e0bf0c6d9afc,13203,0
GridSybil_0709,2,train,54eebfdde8961952,12195,1
GridSybil_0709,2,train,67f1ec6653346ff9,22221,0
GridSybil_0709,2,train,393a88a82eb9bc4a,23103,0
GridSybil_0709,2,train,5ff2f781116211fc,21429,0
GridSybil_0709,2,train,92d91262e59d7847,22623,0
GridSybil_0709,2,train,b61244b37aab63a7,12159,0
GridSybil_0709,2,train,2927299a3a9bbe37,11505,0
GridSybil_0709,2,train,8a2c286f090df970,24141,0
GridSybil_0709,2,train,dace756b425ce294,11163,0
GridSybil_0709,2,train,1da3fd85601ca41a,23169,0
GridSybil_0709,2,train,03f061b1d15f5b06,23139,0
GridSybil_0709,2,train,2d8a17e8e66b5c48,22185,0
GridSybil_0709,2,train,5b39245f318eb55c,10407,0
GridSybil_0709,2,train,8e71d875e3bdb70d,23829,0
GridSybil_0709,2,train,7845a118b47cc144,22617,0
GridSybil_0709,2,train,f8c565a2cf7f48de,12879,0
GridSybil_0709,2,train,193b3ff847ff7037,11523,0
GridSybil_0709,2,train,ef68c3ebd5ae1526,12045,0
GridSybil_0709,2,train,ae103670c3dd5d2c,22563,0
GridSybil_0709,2,train,0b922c5efe7f4b11,21729,0
GridSybil_0709,2,train,e3ba921edc7f4597,23709,0
GridSybil_0709,2,train,9e10a4cf9a6a4ca6,21867,0
GridSybil_0709,2,train,e1d52ddf9babf4d0,11601,0
GridSybil_0709,2,train,dd3e25ab4755da77,12165,0
GridSybil_0709,2,train,de0b610f4d06e7e5,12183,0
GridSybil_0709,2,train,47d8f47bae3b97c2,11709,0
GridSybil_0709,2,train,1938a927407ca6fb,11769,0
GridSybil_0709,2,train,81ec40cbadc54144,10851,1
GridSybil_0709,2,train,0166a28896203838,10869,0
GridSybil_0709,2,train,edaca75b05eddadf,22767,0
GridSybil_0709,2,train,883c753e5684dd7c,22239,0
GridSybil_0709,2,train,b875fb6040272f55,24369,0
GridSybil_0709,2,train,b678aaf5065d53ec,22557,0
GridSybil_0709,2,train,e2325eded33e089c,24495,1
GridSybil_0709,2,train,e3e0f438bec375da,24027,0
GridSybil_0709,2,train,cff609a58c85d111,22305,0
GridSybil_0709,2,train,2519cc74db361f0f,13023,0
GridSybil_0709,2,train,13b9a3a5b30381bc,22383,0
GridSybil_0709,2,train,fb7202650b533db0,12549,0
GridSybil_0709,2,train,41c8b2e454d09487,23049,0
GridSybil_0709,2,train,8f98f43ee33d5aa2,21981,0
GridSybil_0709,2,train,a69bdec705326188,11001,0
GridSybil_0709,2,train,ef9b7faac9e3c067,21459,0
GridSybil_0709,2,train,021ba35f139c5260,24465,0
GridSybil_0709,2,train,52709b5c31421049,11049,0
GridSybil_0709,2,train,e98e72064d35962b,12921,0
GridSybil_0709,2,train,6ac587f35b5a7cde,21507,0
GridSybil_0709,2,train,eb5926eb5fb6efe9,21417,0
GridSybil_0709,2,train,8cf43b884fa89594,23367,0
GridSybil_0709,2,train,fe3f8e0774154280,23349,0
GridSybil_0709,2,train,4be4e9dca75e9a08,24321,0
GridSybil_0709,2,train,938b6280eefd7d26,21909,0
GridSybil_0709,2,train,c7037e1e9672ea5e,10917,0
GridSybil_0709,2,train,bd9ef8588178cad4,13227,0
GridSybil_0709,2,train,da3cd82cd2936b69,12285,0
GridSybil_0709,2,train,a7bbc43439464214,12345,0
GridSybil_0709,2,train,ef8e00b576ce222f,23625,0
GridSybil_0709,2,train,9582a77c74957cea,24297,0
GridSybil_0709,2,train,6da42b581af51d2e,23145,0
GridSybil_0709,2,train,a0579358626aa40f,24459,0
GridSybil_0709,2,train,9f1c5b091fd62587,13119,0
GridSybil_0709,2,train,57cfe9167758d5e0,22701,0
GridSybil_0709,2,train,52d4ca5e0477632d,11541,0
GridSybil_0709,2,train,568314a17e5c789f,12909,0
GridSybil_0709,2,train,32687fa4ccd399bc,10419,0
GridSybil_0709,2,train,35c70756e4a7e61e,22167,0
GridSybil_0709,2,train,ea880eee6214fa62,24339,0
GridSybil_0709,2,train,5823b545fd0b7461,21699,0
GridSybil_0709,2,train,15147846a733f7c4,23529,0
GridSybil_0709,2,train,2ca60f868ca45d7d,22971,1
GridSybil_0709,2,train,507d4e6b1cf7f10c,24165,0
GridSybil_0709,2,train,ff5f7edf6000b001,12393,1
GridSybil_0709,2,train,8ece53c55f060537,21483,0
GridSybil_0709,2,train,8f795c197e297aa4,11043,0
GridSybil_0709,2,train,182fda0c6cefd835,12639,0
GridSybil_0709,2,train,8038b8a7e17fb3e3,11985,0
GridSybil_0709,2,train,c81b6ea75e5b7154,13059,0
GridSybil_0709,2,train,6a792bbd4c020e82,12705,0
GridSybil_0709,2,train,6e9d463fa137f582,22899,0
GridSybil_0709,2,train,6ba2e315fafda8f3,10779,0
GridSybil_0709,2,train,3715e2dae5b0255e,12609,0
GridSybil_0709,2,train,7721c4f4aaa49891,23403,0
GridSybil_0709,2,train,7f5a3448afab9d32,23841,0
GridSybil_0709,2,train,138db0522ba47670,23409,0
GridSybil_0709,2,train,45a01c13685fd5bb,22443,0
GridSybil_0709,2,train,52306d6b5d17aad7,24507,0
GridSybil_0709,2,train,f40a48724eba7fc0,22587,0
GridSybil_0709,2,train,fd38a86cf9451808,21543,0
GridSybil_0709,2,train,290324490f4d437c,23577,0
GridSybil_0709,2,train,47402a7e06e57e11,22641,0
GridSybil_0709,2,train,2d02220c99d54349,23949,0
GridSybil_0709,2,train,098a706b8d6c2d77,11187,0
GridSybil_0709,2,train,58d1fb0269f6aa4f,11961,0
GridSybil_0709,2,train,bdf2f334566c57e1,23301,0
GridSybil_0709,2,train,d943b28b7a16e86d,12003,0
GridSybil_0709,2,train,d742009c628c92d3,12507,0
GridSybil_0709,2,train,19166ea9a12271e1,23487,0
GridSybil_0709,2,train,4c62423af6a76951,12837,0
GridSybil_0709,2,train,cddf93ed0d5df5c0,24309,0
GridSybil_0709,2,train,1578237605b88f4e,11199,0
GridSybil_0709,2,train,3dac8285b8479d8e,22023,0
GridSybil_0709,2,train,73240c139b6d9cca,10785,0
GridSybil_0709,2,train,9bec5b3625dfdd08,22743,0
GridSybil_0709,2,train,4fdc1e4982da8b51,22569,0
GridSybil_0709,2,train,af6a2f1cc87867b9,10563,0
GridSybil_0709,2,train,feedb4e201a74b3c,22005,0
GridSybil_0709,2,train,aeeb5fea78cdfbd9,24129,0
GridSybil_0709,2,train,d4ac4c56c6700934,23415,1
GridSybil_0709,2,train,4ab8f3b84d4430f9,11403,0
GridSybil_0709,2,train,3e7ee76e1dcc8d05,24081,0
GridSybil_0709,2,train,023e10536b58613d,12807,0
GridSybil_0709,2,train,f4061c769791aaaf,22137,0
GridSybil_0709,2,train,0db52bee10c340ac,11829,0
GridSybil_0709,2,train,943a04119cd41566,10605,0
GridSybil_0709,2,train,fb3d55e8dd4aff3a,10809,0
GridSybil_0709,2,train,bc6b2503326c02d2,10623,0
GridSybil_0709,2,train,fc9468238aa4379b,12321,0
GridSybil_0709,2,train,dfaaceb3a56852ec,23985,0
GridSybil_0709,2,train,d6a3a9f7d4e6803f,22881,0
GridSybil_0709,2,train,c04aae13a40e1868,23865,0
GridSybil_0709,2,train,7edb55b91addcbd7,22197,0
GridSybil_0709,2,train,7a7ab0afd86a3322,22761,0
GridSybil_0709,2,train,6dac178b64cc50fe,22263,0
GridSybil_0709,2,train,a45e10c064f57ab4,24219,0
GridSybil_0709,2,train,6013c857f774c755,13041,0
GridSybil_0709,2,train,7050a980a2349219,22449,0
GridSybil_0709,2,train,744c9a6eef8a7345,23199,0
GridSybil_0709,2,train,03e32ce70af0459e,12759,0
GridSybil_0709,2,train,e70e6620caabd3f7,22605,0
GridSybil_0709,2,train,ebbed9202a47fcf6,12945,0
GridSybil_0709,2,train,24057e7a10b45b53,21801,0
GridSybil_0709,2,train,179af4a8e890e39a,12381,0
GridSybil_0709,2,train,cf961d926ed445b7,13047,0
GridSybil_0709,2,train,f9494814de9d20c1,21765,0
GridSybil_0709,2,train,a81f8844a96250ee,10599,0
GridSybil_0709,2,train,9061db9b55315a4e,23649,0
GridSybil_0709,2,train,98f67b0b7efa1200,12777,0
GridSybil_0709,2,train,196f91a5558f2fff,22929,0
GridSybil_0709,2,train,c58dfaa7d16fc7f6,11949,0
GridSybil_0709,2,train,d7173ce2379ec872,23457,0
GridSybil_0709,2,train,7406aa37a4f36b82,22269,0
GridSybil_0709,2,train,aa7395507cf098bf,10509,0
GridSybil_0709,2,train,6eb2c32b193e9214,11967,0
GridSybil_0709,2,train,921e0a46ca2c6375,12123,0
GridSybil_0709,2,train,5ee2521d97974368,23685,0
GridSybil_0709,2,train,bfc3a926ab522d4f,24207,0
GridSybil_0709,2,train,e610fe0dc2d96278,21861,0
GridSybil_0709,2,train,e907812236b66d6e,11703,0
GridSybil_0709,2,train,61eb2dc46767a9b6,11763,0
GridSybil_0709,2,train,8319cf5ece96d056,10413,0
GridSybil_0709,2,test,6cd5349e5c08b4c9,11487,0
GridSybil_0709,2,test,0110a24067aa5432,22077,0
GridSybil_0709,2,test,00ea9b860b2dd6f3,11673,1
GridSybil_0709,2,test,288e1236df50655e,22827,0
GridSybil_0709,2,test,7d8e23b9950b342b,12039,0
GridSybil_0709,2,test,dd44efb89d0609b2,24243,0
GridSybil_0709,2,test,bf58d3a79f83cc70,12207,0
GridSybil_0709,2,test,1b45b7fb764f8b61,11457,0
GridSybil_0709,2,test,4c76e9a492d4e053,23565,0
GridSybil_0709,2,test,3ee5c987db7e0e6b,11919,0
GridSybil_0709,2,test,128edc9fd5a6e4e1,12987,0
GridSybil_0709,2,test,c93b857ad90e290e,13149,0
GridSybil_0709,2,test,c12a26c568886974,10881,0
GridSybil_0709,2,test,70d2fa43f1466d30,11979,0
GridSybil_0709,2,test,b1090eb99580ad12,23481,0
GridSybil_0709,2,test,a9d02e90f691609e,22125,0
GridSybil_0709,2,test,1ec4d71acad9abcf,10431,0
GridSybil_0709,2,test,e52ef934475aaa88,13209,0
GridSybil_0709,2,test,474be1fb876c8941,11343,0
GridSybil_0709,2,test,d47d0f991421b593,10965,0
GridSybil_0709,2,test,1c78e6e136d03e5d,12657,0
GridSybil_0709,2,test,baf8de5500cd0a1e,11259,0
GridSybil_0709,2,test,c8e7bafaf4b9c51a,23325,0
GridSybil_0709,2,test,6ccdcc21e0be543d,10515,0
GridSybil_0709,2,test,4aa9fc45e77ff33a,13089,0
GridSybil_0709,2,test,2092c47f1eab47d7,11067,0
GridSybil_0709,2,test,9dcab5dbcc928bbe,24069,0
GridSybil_0709,2,test,7cea81a99f362868,11307,0
GridSybil_0709,2,test,8c8b4944c84e1cd9,13005,0
GridSybil_0709,2,test,61c8a36b74ae6258,10515,0
GridSybil_0709,2,test,daec33b0d5f06de4,12687,0
GridSybil_0709,2,test,2afaf0703950d894,21369,0
GridSybil_0709,2,test,cadd5e9f5e4d0848,24003,0
GridSybil_0709,2,test,1f7816b09e4c3f8a,22857,0
GridSybil_0709,2,test,526f33fda1d64850,22629,0
GridSybil_0709,2,test,cb58fe94cf2cf4e6,12363,0
GridSybil_0709,2,test,141d36a78583b79c,11277,0
GridSybil_0709,2,test,55e058dd54ab0cbb,12819,0
GridSybil_0709,2,test,e7e2e3a155fca76e,12297,0
GridSybil_0709,2,test,ecaf965f7e77c51d,22341,0
GridSybil_0709,2,test,af95644accd59bde,12075,1
GridSybil_0709,2,test,529cab8d8ce86099,23025,0
GridSybil_0709,2,test,a241b7226d6d7b3b,12081,0
GridSybil_0709,2,test,2c921beadb3a8c72,10431,0
GridSybil_0709,2,test,fb2b8bf36c0b9c38,22347,0
GridSybil_0709,2,test,1e829723454f3bf2,12627,0
GridSybil_0709,2,test,3d0da0cafba4281e,22179,0
GridSybil_0709,2,test,3c674be6dc14fc7c,21549,0
GridSybil_0709,2,test,33aaffcc0eea5ab4,22509,0
GridSybil_0709,2,test,8ae6d205f0e91056,23979,0
GridSybil_0709,2,test,28d7b19365fe8ba9,22707,0
GridSybil_0709,2,test,770e61c4b5e3499f,23277,0
GridSybil_0709,2,test,56723860d92b1fb8,12897,0
GridSybil_0709,2,test,f0cfb7df72817e8f,21423,0
GridSybil_0709,2,test,848c321571ea7fc2,11685,0
GridSybil_0709,2,test,270c0811b60919bc,11205,0
GridSybil_0709,2,test,8772cac000eb9b49,11265,0
GridSybil_0709,2,test,0762c8c1d5bd79a5,21939,0
GridSybil_0709,2,test,a183af7e2dec91cf,23079,0
GridSybil_0709,2,test,7c40dbd12e64ed83,13275,1
GridSybil_0709,2,test,a012c69167262907,21621,0
GridSybil_0709,2,test,22e32ed9139c480f,22017,0
GridSybil_0709,2,test,b6167dd78d50433f,23799,0
GridSybil_0709,2,test,42a7cd387c027930,12939,0
GridSybil_0709,2,test,2c839fe1ed651ad7,23853,1
GridSybil_0709,2,test,7a47cc5974214da4,23541,0
GridSybil_0709,2,test,228f33c4bbd8e1a6,22527,0
GridSybil_0709,2,test,a84e9728ae7e36cb,12117,0
GridSybil_0709,2,test,51fd64fca457f461,22917,0
GridSybil_0709,2,test,407e124e2d850a21,11439,0
GridSybil_0709,2,test,d3ea3ccab4617217,22593,1
GridSybil_0709,2,test,775d3da09e525912,12141,0
GridSybil_0709,2,test,65a4a2bbc4eae079,22737,0
GridSybil_0709,2,test,af2207ab0856ffab,21705,0
GridSybil_0709,2,test,f250f90d61e69370,12429,0
GridSybil_0709,2,test,fd3767430be27626,11559,0
GridSybil_0709,2,test,35e9f408f650fd20,21189,0
GridSybil_0709,2,test,a63e033f9f5710a2,21657,0
GridSybil_0709,2,test,6660012c801ab2c8,21819,0
GridSybil_0709,2,test,537b0991378b26e3,12087,0
GridSybil_0709,2,test,1a8cb719245ace04,10515,0
GridSybil_0709,2,test,1390d67e31c51140,22299,0
GridSybil_0709,2,test,3df683d9304deca8,11697,0
GridSybil_0709,2,test,7797e54b3c001bb5,10617,0
GridSybil_0709,2,test,0001a4e494895e2c,11889,0
GridSybil_0709,2,test,1a5e2f075bf78d24,12645,0
GridSybil_0709,2,test,2fe4715152877262,23427,0
GridSybil_0709,2,test,191971bcd178a950,11799,0
GridSybil_0709,2,test,a0823cf99f409084,10395,0
GridSybil_0709,2,test,3e4544e8e3abd35e,23319,0
GridSybil_0709,2,test,cd2feb371240742f,22677,0
GridSybil_0709,2,test,fa216186219c4610,10479,0
GridSybil_0709,2,test,06943198d48497eb,10545,0
GridSybil_0709,2,test,07986f82cd01c012,22989,0
GridSybil_0709,2,test,e918d9ab4ac17207,12621,0
GridSybil_0709,2,test,8b40f5ed33c60cc9,24183,0
GridSybil_0709,2,test,f6daa0422a652f84,10347,0
GridSybil_0709,2,test,016730a55d5da840,22941,0
GridSybil_0709,2,test,946e2079bc3f8bda,10431,0
GridSybil_0709,2,test,6ed0b1c8478a3139,22047,0
GridSybil_0709,2,test,0a28efcbe19a4f60,12021,0
GridSybil_0709,2,test,a27f376b7c3c353f,11337,0
GridSybil_0709,2,test,3929ec59b7831b2f,13029,0
GridSybil_0709,2,test,bc3338e26ffd24c6,11529,0
GridSybil_0709,2,test,b05c6f2bb5796379,23007,0
GridSybil_0709,2,test,730a8e4495686c57,22725,0
GridSybil_0709,2,test,447141945f1c4c83,11721,0
GridSybil_0709,2,test,4fae41de31264062,11877,0
GridSybil_0709,2,test,b9305520e07a0cb0,23817,0
GridSybil_0709,2,test,a88abd1d2ccd41f2,13197,0
GridSybil_0709,2,test,e3c32308846ef11e,23223,0
GridSybil_0709,2,test,f599195f26a53783,24039,0
GridSybil_0709,2,test,43133b8596a6312c,21969,0
GridSybil_0709,2,test,25987816404bfeea,13239,0
GridSybil_0709,2,test,7481c03bc51bb6e1,21897,0
GridSybil_0709,2,test,3ceb0faa845c9fb3,23727,0
GridSybil_0709,2,test,df438fe3c3f96101,11841,0
GridSybil_0709,2,test,74ef3db12c0e746a,12999,0
GridSybil_0709,2,test,d2f95b62aaf0530e,22059,0
GridSybil_0709,2,test,413eda3ae0592599,10983,0
GridSybil_0709,2,test,d9c3de44de06565e,10923,0
GridSybil_0709,2,test,40c556b7a6dafa2b,23919,0
GridSybil_0709,2,test,dc6d90765e2b4bb0,21567,0
GridSybil_0709,2,test,e00eb0c26849ed94,24063,0
GridSybil_0709,2,test,86b6d71cc81721b2,21603,0
GridSybil_0709,2,test,ea214118a4b6254d,11397,0
GridSybil_0709,2,test,0fc90d605fc2dd7d,21837,0
GridSybil_0709,2,test,92139e2e0272404e,22257,0
GridSybil_0709,2,test,fd714d727de1301a,22041,0
GridSybil_0709,2,test,aa3b75f888707031,23643,0
GridSybil_0709,2,test,ae077013e4059d1a,13161,0
GridSybil_0709,2,test,b454199b983b4b9e,12723,0
GridSybil_0709,2,test,6402ed3f74725811,12861,0
GridSybil_0709,2,test,bbbcf33d0e07a8d8,12147,0
GridSybil_0709,2,test,b20099ca50764f80,11859,0
GridSybil_0709,2,test,1587c1923449f9a6,13083,0
GridSybil_0709,2,test,103694c7f2c2d649,11445,0
GridSybil_0709,2,test,7505de777c9c1f4f,21741,0
GridSybil_0709,2,test,8b0b01e23e279fe7,22323,0
GridSybil_0709,2,test,86778eaca84d79af,10497,0
GridSybil_0709,2,test,d85f92558bf64c9e,11745,0
GridSybil_0709,2,test,1e9dab5225d1d375,10431,0
GridSybil_0709,2,test,3175e8c5d6275919,24597,0
GridSybil_0709,2,test,4c4103f8188ac018,23397,0
GridSybil_0709,2,test,8a3166759627aab7,22479,0
GridSybil_0709,2,test,c4e1d53825229d8f,22365,0
GridSybil_0709,2,test,401b1d06a1a20137,10515,0
GridSybil_0709,2,test,9efefc432785f0dd,11007,0
GridSybil_0709,2,test,c3141cf7aae64a5d,23703,0
GridSybil_0709,2,test,d98b7cddb7e224ca,11901,0
GridSybil_0709,2,test,45b737d9a1437816,22401,0
GridSybil_0709,2,test,2ce9f0472c26da06,23307,0
GridSybil_0709,2,test,59f051e28689a914,23259,0
GridSybil_0709,2,test,8d795f01ec9eb414,11037,0
GridSybil_0709,2,test,b97a893836e05be9,12249,0
GridSybil_0709,2,test,eeedb42ce94143e4,10527,0
GridSybil_0709,2,test,d2734bc6b20241b0,22203,0
GridSybil_0709,2,test,dc37754408bc15c8,10701,0
GridSybil_0709,2,test,32f4b5047efa9e29,10431,0
GridSybil_0709,2,test,e041f9f42bc2e9ef,21609,0
GridSybil_0709,2,test,455da943386bfe93,12765,0
GridSybil_0709,2,test,14558751ba3ee240,10431,0
GridSybil_0709,2,test,ecbd288fcf5febc7,23499,0
GridSybil_0709,2,test,b038aeed8e114e79,21759,0
GridSybil_0709,2,test,4c8df2540a2c1efb,11805,0
GridSybil_0709,2,test,b2befc5a72e681de,11565,0
GridSybil_0709,2,test,05e23c5d2663361d,22107,0
GridSybil_0709,2,test,1360b3cd9b31a3a2,10503,0
GridSybil_0709,2,test,176bdec2e844fa84,10455,0
GridSybil_0709,2,test,58cf64697270240b,23619,0
GridSybil_0709,2,test,5998362491b0fa94,23421,0
GridSybil_0709,2,test,b80299ad25129298,23823,0
GridSybil_0709,2,test,e092655ad685f48a,23469,0
GridSybil_0709,2,test,5df6fd83cbd5be98,12447,0
GridSybil_0709,2,test,ba412b49a5b5a8d8,22905,0
GridSybil_0709,2,test,0e503ced9b5fee9c,22839,0
GridSybil_0709,2,test,252d1de6f5fc93c6,22209,0
GridSybil_0709,2,test,ec04b21fb8e97630,12981,0
GridSybil_0709,2,test,490ecf8d937cc051,22983,0
GridSybil_0709,2,test,a83c4f712ce5fdbd,23517,0
GridSybil_0709,2,test,7d1d268a90610e67,10515,0
GridSybil_0709,2,test,43f3eb6a8457e107,23925,0
GridSybil_0709,2,test,97ac3c67f5ca6224,21921,0
GridSybil_0709,2,test,364aee8b8ba1a6f0,24579,0
GridSybil_0709,2,test,7c3e24c82b2f02df,24387,0
GridSybil_0709,2,test,297510dc66323b6e,11547,0
GridSybil_0709,2,test,9afe35ab7bbf8d16,23805,0
GridSybil_0709,2,test,37b2ebbc989c20aa,11649,0
GridSybil_0709,2,test,da65057762438fb2,22647,0
GridSybil_0709,2,test,3f02aec4c6b8d92e,10629,0
GridSybil_0709,2,test,1df08066b1c003ad,24279,0
GridSybil_0709,2,test,43275696b92bccbf,12501,0
GridSybil_0709,2,test,59cb7ec56eed4e65,11517,0
GridSybil_0709,2,test,8ce8b357d4f56bd6,12303,0
GridSybil_0709,2,test,5d9a5798683de86c,10827,0
GridSybil_0709,2,test,e95a5ca6eec894c2,24237,0
GridSybil_0709,2,test,424cc15880a94c98,10863,0
GridSybil_0709,2,test,65ab48d7f8d6e189,11103,0
GridSybil_0709,2,test,670d673f482599df,24381,0
GridSybil_0709,2,test,beccdf204f47aea1,23067,0
GridSybil_0709,2,test,450dc00622183481,10467,0
GridSybil_0709,2,test,70a3428dea605512,10455,0
GridSybil_0709,2,test,1f5459aaf91944ec,23745,0
GridSybil_0709,2,test,309ebaf64fb588bf,22275,1
GridSybil_0709,2,test,2efa5eb9b7f1f722,10515,0
GridSybil_0709,2,test,38259e98ac712d1b,22659,0
GridSybil_0709,2,test,9594f2da08bd5ea3,10905,0
GridSybil_0709,2,test,09ffb4c236197c13,10395,0
GridSybil_0709,2,test,63917132cf92de29,22437,0
GridSybil_0709,2,test,d67a3b45f0263b40,24345,0
GridSybil_0709,2,test,505bbda5df74dd91,22143,0
GridSybil_0709,2,test,2c7bd0e3721f34e1,12423,0
GridSybil_0709,2,test,8dc651857e492f37,13143,0
GridSybil_0709,2,test,95cdd9128b4ef8f9,12243,0
GridSybil_0709,2,test,c13aecf974443f2f,23121,0
GridSybil_0709,2,test,265405be23188552,22545,0
GridSybil_0709,2,test,b41228b9a5a5c84f,12261,0
GridSybil_0709,2,test,ba14eeb3435ad488,23757,0
GridSybil_0709,2,test,70692f878c4c253f,24021,0
GridSybil_0709,2,test,2e9fd68ff17fa948,10929,0
GridSybil_0709,2,test,38451f1abd54f878,11679,0
GridSybil_0709,2,test,64c5322f313091ad,23961,0
GridSybil_0709,2,test,b10e1135437bf6dd,12561,0
GridSybil_0709,2,test,fe85ca669907ad32,22749,0
GridSybil_0709,2,test,66f46800155ab656,10677,0
GridSybil_0709,2,test,08562719ec11c89b,23445,0
GridSybil_0709,2,test,8309e00f57640c7b,12027,0
GridSybil_0709,2,test,4f22c7f7791b6bce,11367,0
GridSybil_0709,2,test,af3009190826363f,22467,0
GridSybil_0709,2,test,2698c435fe6050a0,23097,0
GridSybil_0709,2,test,ce86c2c79ca2c8b3,12069,0
GridSybil_0709,3,train,e610fe0dc2d96278,21861,0
GridSybil_0709,3,train,1f7816b09e4c3f8a,22857,0
GridSybil_0709,3,train,a241b7226d6d7b3b,12081,0
GridSybil_0709,3,train,abe9de52809c24a5,12105,0
GridSybil_0709,3,train,2698c435fe6050a0,23097,0
GridSybil_0709,3,train,c04aae13a40e1868,23865,0
GridSybil_0709,3,train,c13aecf974443f2f,23121,0
GridSybil_0709,3,train,5da8880487137bd9,24357,0
GridSybil_0709,3,train,529cab8d8ce86099,23025,0
GridSybil_0709,3,train,cb58fe94cf2cf4e6,12363,0
GridSybil_0709,3,train,975f98ea6055304f,21585,0
GridSybil_0709,3,train,3ab38286f3566bee,23241,0
GridSybil_0709,3,train,b20099ca50764f80,11859,0
GridSybil_0709,3,train,021ba35f139c5260,24465,0
GridSybil_0709,3,train,eda1089b63de8d6f,22485,0
GridSybil_0709,3,train,1803765026c4df62,21561,0
GridSybil_0709,3,train,38ec9fa2246bff54,24147,0
GridSybil_0709,3,train,dcfd4e0dda2d9713,22425,0
GridSybil_0709,3,train,34e6fdaee1c1fc7f,23043,0
GridSybil_0709,3,train,ea214118a4b6254d,11397,0
GridSybil_0709,3,train,60c211f90d1020f9,13257,0
GridSybil_0709,3,train,1df08066b1c003ad,24279,0
GridSybil_0709,3,train,ec04b21fb8e97630,12981,0
GridSybil_0709,3,train,b724a85ba634820a,11361,0
GridSybil_0709,3,train,ad66e40ee25df6bd,10437,0
GridSybil_0709,3,train,474be1fb876c8941,11343,0
GridSybil_0709,3,train,80b47d3dd69e366b,22029,0
GridSybil_0709,3,train,e2d6abf27bb8b5fb,22785,0
GridSybil_0709,3,train,1c6e4b367475883e,12903,0
GridSybil_0709,3,train,8ae6d205f0e91056,23979,0
GridSybil_0709,3,train,99a8f8aab3d232b4,11997,0
GridSybil_0709,3,train,c780a840787154ec,12927,0
GridSybil_0709,3,train,78477f1996c9a488,23379,0
GridSybil_0709,3,train,541bb03b68717ad5,10557,0
GridSybil_0709,3,train,ba14eeb3435ad488,23757,0
GridSybil_0709,3,train,f8595c32e6bf2645,24201,0
GridSybil_0709,3,train,93f2e87110c3d539,11787,0
GridSybil_0709,3,train,a84e9728ae7e36cb,12117,0
GridSybil_0709,3,train,dc6d90765e2b4bb0,21567,0
GridSybil_0709,3,train,d69db4105217184a,23229,0
GridSybil_0709,3,train,c81b6ea75e5b7154,13059,0
GridSybil_0709,3,train,1f5459aaf91944ec,23745,0
GridSybil_0709,3,train,adee5cb25ed26d9b,23997,0
GridSybil_0709,3,train,658164ec9d4ef859,23781,0
GridSybil_0709,3,train,9e10a4cf9a6a4ca6,21867,0
GridSybil_0709,3,train,6e55e7a8769e14a5,21627,0
GridSybil_0709,3,train,ef8e00b576ce222f,23625,0
GridSybil_0709,3,train,d742009c628c92d3,12507,0
GridSybil_0709,3,train,a83688ca79ea33ad,11349,0
GridSybil_0709,3,train,58cf64697270240b,23619,0
GridSybil_0709,3,train,f00be15e464034bf,22665,0
GridSybil_0709,3,train,78d43c00fef944fe,11691,1
GridSybil_0709,3,train,2927299a3a9bbe37,11505,0
GridSybil_0709,3,train,dd44efb89d0609b2,24243,0
GridSybil_0709,3,train,ab55d9276c45a058,12525,0
GridSybil_0709,3,train,30e8928008d5e8aa,24045,0
GridSybil_0709,3,train,a0579358626aa40f,24459,0
GridSybil_0709,3,train,b678aaf5065d53ec,22557,0
GridSybil_0709,3,train,23da6a17903b8065,21849,0
GridSybil_0709,3,train,ce86c2c79ca2c8b3,12069,0
GridSybil_0709,3,train,19166ea9a12271e1,23487,0
GridSybil_0709,3,train,fe3f8e0774154280,23349,0
GridSybil_0709,3,train,cec3b2072a1c434f,10821,0
GridSybil_0709,3,train,0744db6bad5d3c38,21303,0
GridSybil_0709,3,train,bd9ef8588178cad4,13227,0
GridSybil_0709,3,train,03f061b1d15f5b06,23139,0
GridSybil_0709,3,train,1e829723454f3bf2,12627,0
GridSybil_0709,3,train,87c063f1fee9553e,10749,0
GridSybil_0709,3,train,8efebd02702731ab,23607,0
GridSybil_0709,3,train,8e46f103d9d26820,12357,0
GridSybil_0709,3,train,59cb7ec56eed4e65,11517,0
GridSybil_0709,3,train,8b40f5ed33c60cc9,24183,0
GridSybil_0709,3,train,8aa9b3cd46392195,24123,0
GridSybil_0709,3,train,6ed0b1c8478a3139,22047,0
GridSybil_0709,3,train,450dc00622183481,10467,0
GridSybil_0709,3,train,f599195f26a53783,24039,0
GridSybil_0709,3,train,7505de777c9c1f4f,21741,0
GridSybil_0709,3,train,d34b2cfcd05e2daf,12825,0
GridSybil_0709,3,train,e3611853e91928a5,10959,0
GridSybil_0709,3,train,447141945f1c4c83,11721,0
GridSybil_0709,3,train,8c52ac5028bc4199,12669,0
GridSybil_0709,3,train,0799774113fc90b1,24567,0
GridSybil_0709,3,train,f3bfd0f217f95e24,23181,0
GridSybil_0709,3,train,dfaaceb3a56852ec,23985,0
GridSybil_0709,3,train,4c1dcdf524affaa5,23883,0
GridSybil_0709,3,train,994648611a113d2b,24303,0
GridSybil_0709,3,train,3f02aec4c6b8d92e,10629,0
GridSybil_0709,3,train,eacda4fe1dd5f4de,22887,0
GridSybil_0709,3,train,39866f7f5f5a89f4,24429,0
GridSybil_0709,3,train,3cd9aa61bd700994,11427,0
GridSybil_0709,3,train,c2f1400ddca797d5,11115,1
GridSybil_0709,3,train,1c78e6e136d03e5d,12657,0
GridSybil_0709,3,train,729a36253bf29852,12969,0
GridSybil_0709,3,train,f9494814de9d20c1,21765,0
GridSybil_0709,3,train,4eb759fe580f1792,10803,0
GridSybil_0709,3,train,ef9b7faac9e3c067,21459,0
GridSybil_0709,3,train,a58b2fd8c55347d7,22281,0
GridSybil_0709,3,train,8cf43b884fa89594,23367,0
GridSybil_0709,3,train,455da943386bfe93,12765,0
GridSybil_0709,3,train,6450330ed2e3416d,22689,0
GridSybil_0709,3,train,ef46cd6e7fc6f5c8,13179,0
GridSybil_0709,3,train,943a04119cd41566,10605,0
GridSybil_0709,3,train,af3009190826363f,22467,0
GridSybil_0709,3,train,2ce9f0472c26da06,23307,0
GridSybil_0709,3,train,f838d1ffee5f78f3,21405,0
GridSybil_0709,3,train,95cdd9128b4ef8f9,12243,0
GridSybil_0709,3,train,ef68c3ebd5ae1526,12045,0
GridSybil_0709,3,train,8319cf5ece96d056,10413,0
GridSybil_0709,3,train,09133fc1692ea12b,24249,0
GridSybil_0709,3,train,e3e0f438bec375da,24027,0
GridSybil_0709,3,train,8afb6df1ce121f8c,24057,0
GridSybil_0709,3,train,f7bd306240058964,11079,0
GridSybil_0709,3,train,32dd17638df0e0e9,12465,0
GridSybil_0709,3,train,842f8d0cc6ea17fd,23061,0
GridSybil_0709,3,train,d98b7cddb7e224ca,11901,0
GridSybil_0709,3,train,43275696b92bccbf,12501,0
GridSybil_0709,3,train,526f33fda1d64850,22629,0
GridSybil_0709,3,train,a8031d9ddc4a6911,21513,1
GridSybil_0709,3,train,a6d8d9c6b4f16112,24009,0
GridSybil_0709,3,train,2a5cacfe49f81d92,13017,0
GridSybil_0709,3,train,dc37754408bc15c8,10701,0
GridSybil_0709,3,train,2d02220c99d54349,23949,0
GridSybil_0709,3,train,413eda3ae0592599,10983,0
GridSybil_0709,3,train,d85f92558bf64c9e,11745,0
GridSybil_0709,3,train,8f98f43ee33d5aa2,21981,0
GridSybil_0709,3,train,1e59c686aa8f4c79,11085,0
GridSybil_0709,3,train,07986f82cd01c012,22989,0
GridSybil_0709,3,train,33aaffcc0eea5ab4,22509,0
GridSybil_0709,3,train,0fc90d605fc2dd7d,21837,0
GridSybil_0709,3,train,c559f1272ac122d4,10581,0
GridSybil_0709,3,train,6402ed3f74725811,12861,0
GridSybil_0709,3,train,f8aa111c81019def,12741,0
GridSybil_0709,3,train,dd9bdbf7a5f98623,22389,0
GridSybil_0709,3,train,6c52a7b8751f42c2,21747,0
GridSybil_0709,3,train,4f80533cd58b311f,23763,0
GridSybil_0709,3,train,1e4683bd2d45e74a,22581,0
GridSybil_0709,3,train,e95a5ca6eec894c2,24237,0
GridSybil_0709,3,train,6fd7e662aa8be282,22809,0
GridSybil_0709,3,train,28c621c55ceb6bd1,21579,0
GridSybil_0709,3,train,8a2c286f090df970,24141,0
GridSybil_0709,3,train,5f41a671c58e4a06,12057,0
GridSybil_0709,3,train,c64547c382ec8669,24483,0
GridSybil_0709,3,train,2ee007c0380b96d4,21285,0
GridSybil_0709,3,train,b038aeed8e114e79,21759,0
GridSybil_0709,3,train,179af4a8e890e39a,12381,0
GridSybil_0709,3,train,9342ba1916f97e2a,12309,0
GridSybil_0709,3,train,bc3338e26ffd24c6,11529,0
GridSybil_0709,3,train,fc2eea4f71c4184e,21687,0
GridSybil_0709,3,train,03b7bbf50a207a7a,12597,0
GridSybil_0709,3,train,86778eaca84d79af,10497,0
GridSybil_0709,3,train,744c9a6eef8a7345,23199,0
GridSybil_0709,3,train,d277074785aec3e0,23721,0
GridSybil_0709,3,train,90a1e6439dffc802,22149,0
GridSybil_0709,3,train,3481cbfa2b284e10,23187,0
GridSybil_0709,3,train,88282e7aed78af02,10413,0
GridSybil_0709,3,train,029accc22a607bb6,21465,0
GridSybil_0709,3,train,f63b5ae36083cfa1,12483,0
GridSybil_0709,3,train,0f59930c993bf8b9,11499,0
GridSybil_0709,3,train,8309e00f57640c7b,12027,0
GridSybil_0709,3,train,955903240f2044d0,11139,0
GridSybil_0709,3,train,b1bca6957a04b496,10449,0
GridSybil_0709,3,train,beccdf204f47aea1,23067,0
GridSybil_0709,3,train,d3f97bbb74d9ba3a,23523,0
GridSybil_0709,3,train,fa83e4dbb646eda5,22395,1
GridSybil_0709,3,train,25987816404bfeea,13239,0
GridSybil_0709,3,train,016730a55d5da840,22941,0
GridSybil_0709,3,train,3e7ee76e1dcc8d05,24081,0
GridSybil_0709,3,train,e8d836c7651037fa,23967,0
GridSybil_0709,3,train,32687fa4ccd399bc,10419,0
GridSybil_0709,3,train,fec45da755c6dade,21597,0
GridSybil_0709,3,train,fd38a86cf9451808,21543,0
GridSybil_0709,3,train,4c62423af6a76951,12837,0
GridSybil_0709,3,train,0b6b6704d4ee2e3f,22521,0
GridSybil_0709,3,train,a5dd98ef3ea32fa6,11463,0
GridSybil_0709,3,train,670d673f482599df,24381,0
GridSybil_0709,3,train,3a41898caf4c490c,24543,0
GridSybil_0709,3,train,bf58d3a79f83cc70,12207,0
GridSybil_0709,3,train,1f8e4707374dd54f,11127,0
GridSybil_0709,3,train,a0823cf99f409084,10395,0
GridSybil_0709,3,train,bfc3a926ab522d4f,24207,0
GridSybil_0709,3,train,2e9fd68ff17fa948,10929,0
GridSybil_0709,3,train,56723860d92b1fb8,12897,0
GridSybil_0709,3,train,e856a6d8d9f35901,10383,0
GridSybil_0709,3,train,5d83b4767bf22331,22845,0
GridSybil_0709,3,train,3a258cbc6623df10,10539,0
GridSybil_0709,3,train,0a24c39fc04ab63c,24585,0
GridSybil_0709,3,train,a183af7e2dec91cf,23079,0
GridSybil_0709,3,train,933f49d775f81d0e,23001,0
GridSybil_0709,3,train,4fae41de31264062,11877,0
GridSybil_0709,3,train,92139e2e0272404e,22257,0
GridSybil_0709,3,train,51fd64fca457f461,22917,0
GridSybil_0709,3,train,75d6f64562112a62,11481,0
GridSybil_0709,3,train,cf10c4c359d10850,12867,0
GridSybil_0709,3,train,9dcab5dbcc928bbe,24069,0
GridSybil_0709,3,train,193b3ff847ff7037,11523,0
GridSybil_0709,3,train,69cb2b5fb903ffc1,23289,0
GridSybil_0709,3,train,1587c1923449f9a6,13083,0
GridSybil_0709,3,train,2722a4ec186b7c36,11019,0
GridSybil_0709,3,train,9641d051525095bb,12933,1
GridSybil_0709,3,train,e584cf2edbe68fac,22719,0
GridSybil_0709,3,train,6637f9d19bd4f23f,22977,0
GridSybil_0709,3,train,71cda1854759c08b,10719,0
GridSybil_0709,3,train,14d29d9017b18ac8,22227,0
GridSybil_0709,3,train,b1e981e6017bd7e0,12225,0
GridSybil_0709,3,train,aa7395507cf098bf,10509,0
GridSybil_0709,3,train,bcff996ad9ed836e,10323,0
GridSybil_0709,3,train,b454199b983b4b9e,12723,0
GridSybil_0709,3,train,6ba2e315fafda8f3,10779,0
GridSybil_0709,3,train,8a3166759627aab7,22479,0
GridSybil_0709,3,train,cea41f042e1fb4e1,23391,1
GridSybil_0709,3,train,bbbcf33d0e07a8d8,12147,0
GridSybil_0709,3,train,3ee5c987db7e0e6b,11919,0
GridSybil_0709,3,train,165b9ab441272086,23559,0
GridSybil_0709,3,train,32bff070232fde13,10845,0
GridSybil_0709,3,train,fa7a0731b356f1fb,11667,0
GridSybil_0709,3,train,09ffb4c236197c13,10395,0
GridSybil_0709,3,train,83c3246f76fffe33,10647,0
GridSybil_0709,3,train,06943198d48497eb,10545,0
GridSybil_0709,3,train,df438fe3c3f96101,11841,0
GridSybil_0709,3,train,730a8e4495686c57,22725,0
GridSybil_0709,3,train,c58dfaa7d16fc7f6,11949,0
GridSybil_0709,3,train,cf66e3e802271271,12843,0
GridSybil_0709,3,train,5ff2f781116211fc,21429,0
GridSybil_0709,3,train,e7e2e3a155fca76e,12297,0
GridSybil_0709,3,train,848c321571ea7fc2,11685,0
GridSybil_0709,3,train,b1090eb99580ad12,23481,0
GridSybil_0709,3,train,5d3beaba3ae346ab,12441,0
GridSybil_0709,3,train,a63e033f9f5710a2,21657,0
GridSybil_0709,3,train,ae103670c3dd5d2c,22563,0
GridSybil_0709,3,train,5b16f22fe0783625,22407,0
GridSybil_0709,3,train,b2a866a417d71ec3,24417,0
GridSybil_0709,3,train,37b2ebbc989c20aa,11649,0
GridSybil_0709,3,train,c4faa4caec17bae2,12699,0
GridSybil_0709,3,train,9afe35ab7bbf8d16,23805,0
GridSybil_0709,3,train,c81ff55b90c308f0,10767,0
GridSybil_0709,3,train,79d9d199fa4d7520,23697,0
GridSybil_0709,3,train,7f5a3448afab9d32,23841,0
GridSybil_0709,3,train,15ea3f2acb628a58,10989,0
GridSybil_0709,3,train,1a5e2f075bf78d24,12645,0
GridSybil_0709,3,train,3006fe38d0c37414,21525,0
GridSybil_0709,3,train,6eb2c32b193e9214,11967,0
GridSybil_0709,3,train,1f9c75a91c526b09,22317,0
GridSybil_0709,3,train,1390d67e31c51140,22299,0
GridSybil_0709,3,train,c2de2659931af033,12495,1
GridSybil_0709,3,train,cdf6e9159fc1f5b5,12957,0
GridSybil_0709,3,train,6ccdcc21e0be543d,10515,0
GridSybil_0709,3,train,da65057762438fb2,22647,0
GridSybil_0709,3,train,61c8a36b74ae6258,10515,0
GridSybil_0709,3,train,af6a2f1cc87867b9,10563,0
GridSybil_0709,3,train,b49f3fc1e6ea91f2,23907,0
GridSybil_0709,3,train,b9305520e07a0cb0,23817,0
GridSybil_0709,3,train,b80299ad25129298,23823,0
GridSybil_0709,3,train,c0978672a9a0e539,24159,0
GridSybil_0709,3,train,6b409441c84c6018,11577,0
GridSybil_0709,3,train,8af60cce9ff802f4,12681,0
GridSybil_0709,3,train,144ab8d736369c21,21345,0
GridSybil_0709,3,train,cc0940451903154e,13107,0
GridSybil_0709,3,train,b996ff998a817b00,21537,0
GridSybil_0709,3,train,a5655c67f54a1ed5,22869,0
GridSybil_0709,3,train,3ceb0faa845c9fb3,23727,0
GridSybil_0709,3,train,d17451b53186c67c,22797,0
GridSybil_0709,3,train,57cfe9167758d5e0,22701,0
GridSybil_0709,3,train,1938a927407ca6fb,11769,0
GridSybil_0709,3,train,8bd2996d49cf29f9,12963,0
GridSybil_0709,3,train,cb89fc6ecd6669f3,22377,0
GridSybil_0709,3,train,7481c03bc51bb6e1,21897,0
GridSybil_0709,3,train,d6a3a9f7d4e6803f,22881,0
GridSybil_0709,3,train,f64b635fc2d024b6,22947,0
GridSybil_0709,3,train,8dc651857e492f37,13143,0
GridSybil_0709,3,train,5192b7fe71158660,13065,0
GridSybil_0709,3,train,dd3e25ab4755da77,12165,0
GridSybil_0709,3,train,3df683d9304deca8,11697,0
GridSybil_0709,3,train,e9fc7ebec71b0088,10899,0
GridSybil_0709,3,train,8b571b7698e2b495,24447,0
GridSybil_0709,3,train,675e7bd57cc337fb,10683,0
GridSybil_0709,3,train,ecbd288fcf5febc7,23499,0
GridSybil_0709,3,train,d2f95b62aaf0530e,22059,0
GridSybil_0709,3,train,4fdc1e4982da8b51,22569,0
GridSybil_0709,3,train,df1e4bc6453134eb,21885,0
GridSybil_0709,3,train,97ac3c67f5ca6224,21921,0
GridSybil_0709,3,train,4f22c7f7791b6bce,11367,0
GridSybil_0709,3,train,4e38915a1984670b,11727,0
GridSybil_0709,3,train,9bec5b3625dfdd08,22743,0
GridSybil_0709,3,train,b02637a521121d21,10941,0
GridSybil_0709,3,train,f52eaee9f8e91333,10731,1
GridSybil_0709,3,train,7d8e23b9950b342b,12039,0
GridSybil_0709,3,train,a14dcef151020356,12327,0
GridSybil_0709,3,train,45b737d9a1437816,22401,0
GridSybil_0709,3,train,1a8cb719245ace04,10515,0
GridSybil_0709,3,train,eef23eef07a4def6,24627,0
GridSybil_0709,3,train,aeeb5fea78cdfbd9,24129,0
GridSybil_0709,3,train,70692f878c4c253f,24021,0
GridSybil_0709,3,train,08562719ec11c89b,23445,0
GridSybil_0709,3,train,2fe4715152877262,23427,0
GridSybil_0709,3,train,106673a3c70df493,11937,0
GridSybil_0709,3,train,b05c6f2bb5796379,23007,0
GridSybil_0709,3,train,c0445a2253fd7c42,11157,0
GridSybil_0709,3,train,d72bb386b0bfdfc7,11169,0
GridSybil_0709,3,train,a951f3faa2c240a9,23361,0
GridSybil_0709,3,train,15147846a733f7c4,23529,0
GridSybil_0709,3,train,e3d4b97b576bd54a,10977,0
GridSybil_0709,3,train,73240c139b6d9cca,10785,0
GridSybil_0709,3,train,946e2079bc3f8bda,10431,0
GridSybil_0709,3,train,fa216186219c4610,10479,0
GridSybil_0709,3,train,28d7b19365fe8ba9,22707,0
GridSybil_0709,3,train,9e3260c9d07ea3de,12387,0
GridSybil_0709,3,train,e5e29f432a4587c4,23463,0
GridSybil_0709,3,train,603bacf91c08ba49,21489,0
GridSybil_0709,3,train,d06c292d0acc4c9a,11739,0
GridSybil_0709,3,train,53e87a1fb0abd78f,10461,0
GridSybil_0709,3,train,476850b7fad8a813,12585,0
GridSybil_0709,3,train,f11e6ce7aa060a9b,12093,1
GridSybil_0709,3,train,de0b610f4d06e7e5,12183,0
GridSybil_0709,3,train,817b6152e2c93aea,12237,0
GridSybil_0709,3,train,fb7202650b533db0,12549,0
GridSybil_0709,3,train,e8892b8decf427cd,22821,0
GridSybil_0709,3,train,05e23c5d2663361d,22107,0
GridSybil_0709,3,train,5823b545fd0b7461,21699,0
GridSybil_0709,3,train,9582a77c74957cea,24297,0
GridSybil_0709,3,train,ce39704d1a17c66a,24267,0
GridSybil_0709,3,train,191971bcd178a950,11799,0
GridSybil_0709,3,train,69ae637cddc0343c,23937,0
GridSybil_0709,3,train,d52a8719cf3d1315,23589,0
GridSybil_0709,3,train,c05549218ee2b2f1,12477,0
GridSybil_0709,3,train,0bcf568de23b6339,12801,0
GridSybil_0709,3,train,e00eb0c26849ed94,24063,0
GridSybil_0709,3,train,82ccc14e884b9fbe,12219,0
GridSybil_0709,3,train,3188010f90f0abd7,11637,0
GridSybil_0709,3,train,42a7cd387c027930,12939,0
GridSybil_0709,3,train,af6538844582cc02,22965,0
GridSybil_0709,3,train,e3c32308846ef11e,23223,0
GridSybil_0709,3,train,5998362491b0fa94,23421,0
GridSybil_0709,3,train,a81f8844a96250ee,10599,0
GridSybil_0709,3,train,5542e7da68aa5929,10947,0
GridSybil_0709,3,train,22e32ed9139c480f,22017,0
GridSybil_0709,3,train,e1d52ddf9babf4d0,11601,0
GridSybil_0709,3,train,938b6280eefd7d26,21909,0
GridSybil_0709,3,train,6f241839096f7b5b,13137,0
GridSybil_0709,3,train,7d1d268a90610e67,10515,0
GridSybil_0709,3,train,098a706b8d6c2d77,11187,0
GridSybil_0709,3,train,96f1991febb1e664,11301,0
GridSybil_0709,3,train,290324490f4d437c,23577,0
GridSybil_0709,3,train,401b1d06a1a20137,10515,0
GridSybil_0709,3,train,417210699a08e989,24189,0
GridSybil_0709,3,train,0b922c5efe7f4b11,21729,0
GridSybil_0709,3,train,ad91795dd3862304,12267,0
GridSybil_0709,3,train,64c5322f313091ad,23961,0
GridSybil_0709,3,train,73056407366c90b5,23667,0
GridSybil_0709,3,train,fcb45c4e28b11d60,11097,0
GridSybil_0709,3,train,ecaf965f7e77c51d,22341,0
GridSybil_0709,3,train,16975edd06aee1c0,23127,0
GridSybil_0709,3,train,252d1de6f5fc93c6,22209,0
GridSybil_0709,3,train,182fda0c6cefd835,12639,0
GridSybil_0709,3,train,2f89064712e8bb51,22089,0
GridSybil_0709,3,train,d559104394f2e42f,12417,0
GridSybil_0709,3,train,023e10536b58613d,12807,0
GridSybil_0709,3,train,ac094649890a4b65,12339,0
GridSybil_0709,3,train,f40a48724eba7fc0,22587,0
GridSybil_0709,3,train,9f4ae5097006f53b,10521,0
GridSybil_0709,3,train,b875fb6040272f55,24369,0
GridSybil_0709,3,train,505bbda5df74dd91,22143,0
GridSybil_0709,3,train,1d804ec16a11768d,11181,0
GridSybil_0709,3,train,23c5c8acf8cd593e,12567,0
GridSybil_0709,3,train,a88abd1d2ccd41f2,13197,0
GridSybil_0709,3,train,f14421c188f89cbe,11313,1
GridSybil_0709,3,train,d7eb4876d2a1a590,12489,0
GridSybil_0709,3,train,86cefab4faf2a5f1,12579,0
GridSybil_0709,3,train,d3c9d9df9f856ce6,21903,0
GridSybil_0709,3,train,0f6dc20704e16feb,10665,0
GridSybil_0709,3,train,37e9735a19d8aa1a,24261,0
GridSybil_0709,3,train,c12a26c568886974,10881,0
GridSybil_0709,3,train,df56f6137e4669c9,11583,0
GridSybil_0709,3,train,5df6fd83cbd5be98,12447,0
GridSybil_0709,3,train,8c7f6e8bf1cf382e,22461,0
GridSybil_0709,3,train,74b08620846c03e9,11925,0
GridSybil_0709,3,train,70d2fa43f1466d30,11979,0
GridSybil_0709,3,train,2afaf0703950d894,21369,0
GridSybil_0709,3,train,5c7f89fe1fed1e2a,11781,0
GridSybil_0709,3,train,cbead705b52d97c6,21777,0
GridSybil_0709,3,train,9eaaea2a71e0f8e2,24285,0
GridSybil_0709,3,train,141d36a78583b79c,11277,0
GridSybil_0709,3,train,62a36aa5922a72d8,21963,0
GridSybil_0709,3,train,5ad8a6afd8a1a13c,22497,0
GridSybil_0709,3,train,e1ad2eaea48604d0,11625,0
GridSybil_0709,3,train,fb0354f5dd90ae42,11865,0
GridSybil_0709,3,train,b49fc47f2f886604,12177,0
GridSybil_0709,3,train,03e32ce70af0459e,12759,0
GridSybil_0709,3,train,a27f376b7c3c353f,11337,0
GridSybil_0709,3,train,5d9a5798683de86c,10827,0
GridSybil_0709,3,train,fb3d55e8dd4aff3a,10809,0
GridSybil_0709,3,train,c8e7bafaf4b9c51a,23325,0
GridSybil_0709,3,train,c7cd4e717b1200af,22359,0
GridSybil_0709,3,train,c263559ba86c5c1e,10641,0
GridSybil_0709,3,train,cf98284499e98c39,12729,0
GridSybil_0709,3,train,9a6e21b30c9a10cf,21501,0
GridSybil_0709,3,train,eba0c07f9abeca1a,12009,0
GridSybil_0709,3,train,cfab90f9861ae88d,23265,0
GridSybil_0709,3,train,43133b8596a6312c,21969,0
GridSybil_0709,3,train,e56b46ee58ed1a43,12201,0
GridSybil_0709,3,train,dab9327dcca9766f,24489,0
GridSybil_0709,3,train,a5bd19dfa3637c8c,11223,0
GridSybil_0709,3,train,02be9feb9012da20,11061,0
GridSybil_0709,3,train,2baafcde2eeb20ce,12885,0
GridSybil_0709,3,train,99e2a3ffff98f909,22923,0
GridSybil_0709,3,train,7a47cc5974214da4,23541,0
GridSybil_0709,3,train,183bfb517d9ad1f9,10659,0
GridSybil_0709,3,train,2519cc74db361f0f,13023,0
GridSybil_0709,3,train,f250f90d61e69370,12429,0
GridSybil_0709,3,train,a48e1db2ee2f04b9,10773,1
GridSybil_0709,3,train,a012c69167262907,21621,0
GridSybil_0709,3,train,8e71d875e3bdb70d,23829,0
GridSybil_0709,3,train,b6167dd78d50433f,23799,0
GridSybil_0709,3,train,ec9de7ccc9ecbd30,24117,0
GridSybil_0709,3,train,55b684a59d7b264b,23889,0
GridSybil_0709,3,train,8ece53c55f060537,21483,0
GridSybil_0709,3,train,138db0522ba47670,23409,0
GridSybil_0709,3,train,d67a3b45f0263b40,24345,0
GridSybil_0709,3,train,7a7026c23a41bbe8,12849,0
GridSybil_0709,3,train,b2befc5a72e681de,11565,0
GridSybil_0709,3,train,d4b5e0bf0c6d9afc,13203,0
GridSybil_0709,3,train,1ec4d71acad9abcf,10431,0
GridSybil_0709,3,train,cff609a58c85d111,22305,0
GridSybil_0709,3,train,7c3e24c82b2f02df,24387,0
GridSybil_0709,3,train,eb66ef3135f2e798,12189,0
GridSybil_0709,3,train,2f846c68604a631b,23109,0
GridSybil_0709,3,train,0444ac6522f01b86,24225,0
GridSybil_0709,3,train,32f4b5047efa9e29,10431,0
GridSybil_0709,3,train,74ef3db12c0e746a,12999,0
GridSybil_0709,3,train,1afe517741519277,21681,0
GridSybil_0709,3,train,feedb4e201a74b3c,22005,0
GridSybil_0709,3,train,1360b3cd9b31a3a2,10503,0
GridSybil_0709,3,train,f2e738f34a77be49,24105,0
GridSybil_0709,3,train,cadd5e9f5e4d0848,24003,0
GridSybil_0709,3,train,72e308084e412535,10857,0
GridSybil_0709,3,train,9594f2da08bd5ea3,10905,0
GridSybil_0709,3,train,b61244b37aab63a7,12159,0
GridSybil_0709,3,train,1e9dab5225d1d375,10431,0
GridSybil_0709,3,train,c6721c0e5c682794,21945,0
GridSybil_0709,3,train,ea2ee4c21927135b,22245,0
GridSybil_0709,3,train,364aee8b8ba1a6f0,24579,0
GridSybil_0709,3,train,2c7bd0e3721f34e1,12423,0
GridSybil_0709,3,train,ed162f2e2979a0ee,24327,0
GridSybil_0709,3,train,dc74c6e394417a24,23859,0
GridSybil_0709,3,train,9061db9b55315a4e,23649,0
GridSybil_0709,3,train,7845a118b47cc144,22617,0
GridSybil_0709,3,train,57f25d6fc7d42455,23637,0
GridSybil_0709,3,train,b0931faa5256e945,23283,0
GridSybil_0709,3,train,6dac178b64cc50fe,22263,0
GridSybil_0709,3,train,1a8c23891e567b72,23343,0
GridSybil_0709,3,train,52709b5c31421049,11049,0
GridSybil_0709,3,train,8c197b3e78f14194,22119,0
GridSybil_0709,3,train,27781924688026ed,23163,0
GridSybil_0709,3,train,20c1363ed14e6718,12099,0
GridSybil_0709,3,train,2680e1816de8429c,23547,0
GridSybil_0709,3,train,1f7e4ddc925dfcac,22161,0
GridSybil_0709,3,train,d2734bc6b20241b0,22203,0
GridSybil_0709,3,train,f4061c769791aaaf,22137,0
GridSybil_0709,3,train,aaa9f8a1f4f6fe03,21987,0
GridSybil_0709,3,train,cddf93ed0d5df5c0,24309,0
GridSybil_0709,3,train,65ab48d7f8d6e189,11103,0
GridSybil_0709,3,train,1dcbe9826eb10047,12459,0
GridSybil_0709,3,train,8f795c197e297aa4,11043,0
GridSybil_0709,3,train,0166a28896203838,10869,0
GridSybil_0709,3,train,14558751ba3ee240,10431,0
GridSybil_0709,3,train,39f53f028fe6a47d,10569,0
GridSybil_0709,3,train,99a29165a9356478,22083,0
GridSybil_0709,3,train,91c06d64cb50b014,21675,1
GridSybil_0709,3,train,0db52bee10c340ac,11829,0
GridSybil_0709,3,train,f6daa0422a652f84,10347,0
GridSybil_0709,3,train,08e755fd10cdee78,12663,0
GridSybil_0709,3,train,e918d9ab4ac17207,12621,0
GridSybil_0709,3,train,9d32bb7f1c465bf3,24099,0
GridSybil_0709,3,train,38259e98ac712d1b,22659,0
GridSybil_0709,3,train,059278fcc6f2b38f,13113,1
GridSybil_0709,3,train,2c921beadb3a8c72,10431,0
GridSybil_0709,3,train,b5e991fa4e9170fe,11325,0
GridSybil_0709,3,train,2efa5eb9b7f1f722,10515,0
GridSybil_0709,3,train,67f1ec6653346ff9,22221,0
GridSybil_0709,3,train,a3d23406dea11e4b,22599,0
GridSybil_0709,3,train,d9c3de44de06565e,10923,0
GridSybil_0709,3,train,568314a17e5c789f,12909,0
GridSybil_0709,3,train,f9f4b92518b0012e,11631,1
GridSybil_0709,3,train,0ef7584a99f30bc2,22101,0
GridSybil_0709,3,train,02dd099f12b52f41,23787,0
GridSybil_0709,3,train,47d8f47bae3b97c2,11709,0
GridSybil_0709,3,train,a69bdec705326188,11001,0
GridSybil_0709,3,train,7081edc88fd2b2e5,22539,0
GridSybil_0709,3,train,87025b8f268b2742,11589,0
GridSybil_0709,3,train,98369bdab18155b8,23157,0
GridSybil_0709,3,train,e70e6620caabd3f7,22605,0
GridSybil_0709,3,train,59f051e28689a914,23259,0
GridSybil_0709,3,train,389638aba1ebcf4d,24399,0
GridSybil_0709,3,train,041280da460bc312,12783,0
GridSybil_0709,3,train,6e55761105c859b5,24363,0
GridSybil_0709,3,train,6660012c801ab2c8,21819,0
GridSybil_0709,3,train,b5355bd1789c0dc8,24087,0
GridSybil_0709,3,train,766a3886cdb8f649,11817,0
GridSybil_0709,3,train,9f1c5b091fd62587,13119,0
GridSybil_0709,3,train,92d91262e59d7847,22623,0
GridSybil_0709,3,train,eeedb42ce94143e4,10527,0
GridSybil_0709,3,train,c4e1d53825229d8f,22365,0
GridSybil_0709,3,train,fc74a4e38a7b3dd1,12519,0
GridSybil_0709,3,train,cbcb3645c09cd415,23661,0
GridSybil_0709,3,train,daec33b0d5f06de4,12687,0
GridSybil_0709,3,train,310f938143dc7f1a,11871,1
GridSybil_0709,3,train,0d93ed2d7e48d759,23847,0
GridSybil_0709,3,train,08570b5abe391e20,11421,0
GridSybil_0709,3,train,ba412b49a5b5a8d8,22905,0
GridSybil_0709,3,train,296cd9bf6feaebb6,12747,0
GridSybil_0709,3,train,47c7d8cb15b96a1c,24561,0
GridSybil_0709,3,train,95d76ee9a3c09678,23679,0
GridSybil_0709,3,train,e041f9f42bc2e9ef,21609,0
GridSybil_0709,3,train,ee40b8d1e37a95d6,21243,0
GridSybil_0709,3,train,a5b4ef4618388592,23055,1
GridSybil_0709,3,train,a7bbc43439464214,12345,0
GridSybil_0709,3,train,288e1236df50655e,22827,0
GridSybil_0709,3,train,385ba62f8f0e72b4,12789,0
GridSybil_0709,3,train,ae077013e4059d1a,13161,0
GridSybil_0709,3,train,a83c4f712ce5fdbd,23517,0
GridSybil_0709,3,train,e98e72064d35962b,12921,0
GridSybil_0709,3,test,0d387f0bbac78961,11883,0
GridSybil_0709,3,test,2f3d42fb81166533,21669,0
GridSybil_0709,3,test,b10e1135437bf6dd,12561,0
GridSybil_0709,3,test,edaca75b05eddadf,22767,0
GridSybil_0709,3,test,0001a4e494895e2c,11889,0
GridSybil_0709,3,test,265405be23188552,22545,0
GridSybil_0709,3,test,b5946de39725409e,23217,0
GridSybil_0709,3,test,82faafadacf70c03,11757,0
GridSybil_0709,3,test,d5c8329d5db80b20,13269,0
GridSybil_0709,3,test,fc9468238aa4379b,12321,0
GridSybil_0709,3,test,79f8531061274064,21357,0
GridSybil_0709,3,test,82691e211ea89cfa,11661,0
GridSybil_0709,3,test,ebbed9202a47fcf6,12945,0
GridSybil_0709,3,test,103694c7f2c2d649,11445,0
GridSybil_0709,3,test,9abded3a3c6e5cd9,22065,0
GridSybil_0709,3,test,6013c857f774c755,13041,0
GridSybil_0709,3,test,537b0991378b26e3,12087,0
GridSybil_0709,3,test,d85da1d5074bcf40,11907,0
GridSybil_0709,3,test,13b9a3a5b30381bc,22383,0
GridSybil_0709,3,test,407e124e2d850a21,11439,0
GridSybil_0709,3,test,2db91e197540f4d3,21723,0
GridSybil_0709,3,test,9383be04711037ae,21927,0
GridSybil_0709,3,test,da3cd82cd2936b69,12285,0
GridSybil_0709,3,test,883c753e5684dd7c,22239,0
GridSybil_0709,3,test,f38b4702b23032f5,21645,0
GridSybil_0709,3,test,ac28e91739809193,22773,1
GridSybil_0709,3,test,2092c47f1eab47d7,11067,0
GridSybil_0709,3,test,1578237605b88f4e,11199,0
GridSybil_0709,3,test,270c0811b60919bc,11205,0
GridSybil_0709,3,test,6332040abb242011,10725,0
GridSybil_0709,3,test,7797e54b3c001bb5,10617,0
GridSybil_0709,3,test,ffc92ceaca439b16,11283,0
GridSybil_0709,3,test,e092655ad685f48a,23469,0
GridSybil_0709,3,test,b41228b9a5a5c84f,12261,0
GridSybil_0709,3,test,8c8b4944c84e1cd9,13005,0
GridSybil_0709,3,test,c7037e1e9672ea5e,10917,0
GridSybil_0709,3,test,88daa49e1d7e3d6b,12063,0
GridSybil_0709,3,test,4047780741c4418c,22155,1
GridSybil_0709,3,test,d943b28b7a16e86d,12003,0
GridSybil_0709,3,test,410cb9881b242e4c,23385,0
GridSybil_0709,3,test,76dd79f0d657f4bc,21843,0
GridSybil_0709,3,test,14e2615bd0d5cf38,24177,0
GridSybil_0709,3,test,0a28efcbe19a4f60,12021,0
GridSybil_0709,3,test,96954854d0ac6110,21807,0
GridSybil_0709,3,test,68793abc7a27fce9,23247,0
GridSybil_0709,3,test,36905ca773ed5b81,11319,0
GridSybil_0709,3,test,f823d53e8e66b6cf,11469,0
GridSybil_0709,3,test,311f5c22e3acf651,10743,0
GridSybil_0709,3,test,776564fa21831ce8,11025,0
GridSybil_0709,3,test,55e058dd54ab0cbb,12819,0
GridSybil_0709,3,test,3929ec59b7831b2f,13029,0
GridSybil_0709,3,test,bc6b2503326c02d2,10623,0
GridSybil_0709,3,test,df63b794862efae4,22683,0
GridSybil_0709,3,test,1b45b7fb764f8b61,11457,0
GridSybil_0709,3,test,8038b8a7e17fb3e3,11985,0
GridSybil_0709,3,test,98f67b0b7efa1200,12777,0
GridSybil_0709,3,test,66f46800155ab656,10677,0
GridSybil_0709,3,test,6b92ee84c11b9af8,23019,0
GridSybil_0709,3,test,0a2ec4d5b2482654,21999,0
GridSybil_0709,3,test,40f71a22ba3925da,23505,0
GridSybil_0709,3,test,8a500b3e063fda5d,11073,1
GridSybil_0709,3,test,2d8a17e8e66b5c48,22185,0
GridSybil_0709,3,test,baf2cdfcd10f068c,23439,0
GridSybil_0709,3,test,f86a4d2a78a86d6f,11607,0
GridSybil_0709,3,test,fb2b8bf36c0b9c38,22347,0
GridSybil_0709,3,test,88dd3363f956004a,22287,0
GridSybil_0709,3,test,9efefc432785f0dd,11007,0
GridSybil_0709,3,test,5ee2521d97974368,23685,0
GridSybil_0709,3,test,cd2feb371240742f,22677,0
GridSybil_0709,3,test,45a01c13685fd5bb,22443,0
GridSybil_0709,3,test,98ab00d299cde750,21789,0
GridSybil_0709,3,test,5b39245f318eb55c,10407,0
GridSybil_0709,3,test,7050a980a2349219,22449,0
GridSybil_0709,3,test,9f4b97b7eec81145,10485,0
GridSybil_0709,3,test,196f91a5558f2fff,22929,0
GridSybil_0709,3,test,7edb55b91addcbd7,22197,0
GridSybil_0709,3,test,773b2518565ae2a4,13167,0
GridSybil_0709,3,test,3d0da0cafba4281e,22179,0
GridSybil_0709,3,test,8b0b01e23e279fe7,22323,0
GridSybil_0709,3,test,52d4ca5e0477632d,11541,0
GridSybil_0709,3,test,589a8bd4dbe87457,10587,0
GridSybil_0709,3,test,3cf6833fb747aa03,11823,0
GridSybil_0709,3,test,e52ef934475aaa88,13209,0
GridSybil_0709,3,test,7a7ab0afd86a3322,22761,0
GridSybil_0709,3,test,d7173ce2379ec872,23457,0
GridSybil_0709,3,test,6593cd75eec22fd4,12405,0
GridSybil_0709,3,test,4ab8f3b84d4430f9,11403,0
GridSybil_0709,3,test,55abf551f80c7b60,11379,0
GridSybil_0709,3,test,d47d0f991421b593,10965,0
GridSybil_0709,3,test,bdf2f334566c57e1,23301,0
GridSybil_0709,3,test,3e4544e8e3abd35e,23319,0
GridSybil_0709,3,test,fefb81926266fa4c,12129,0
GridSybil_0709,3,test,f76b2a3bc6974e11,21381,0
GridSybil_0709,3,test,cf961d926ed445b7,13047,0
GridSybil_0709,3,test,f79cebdcba471de4,23901,0
GridSybil_0709,3,test,c40591fe1d5a5561,12543,0
GridSybil_0709,3,test,47402a7e06e57e11,22641,0
GridSybil_0709,3,test,4f8e268f666a6c07,10797,0
GridSybil_0709,3,test,490ecf8d937cc051,22983,0
GridSybil_0709,3,test,80945e43a036a531,22329,0
GridSybil_0709,3,test,ea880eee6214fa62,24339,0
GridSybil_0709,3,test,62a6f3e6d5bca286,12717,0
GridSybil_0709,3,test,e0f76fc508d96a32,21441,0
GridSybil_0709,3,test,424cc15880a94c98,10863,0
GridSybil_0709,3,test,228f33c4bbd8e1a6,22527,0
GridSybil_0709,3,test,513658115d2280a9,11145,0
GridSybil_0709,3,test,c0dec5dcb771d773,23739,0
GridSybil_0709,3,test,d6a22b0c4d401a18,23355,1
GridSybil_0709,3,test,3715e2dae5b0255e,12609,0
GridSybil_0709,3,test,ac6cb381a63a5afb,10761,0
GridSybil_0709,3,test,9f60709cf7d67846,11643,0
GridSybil_0709,3,test,c3141cf7aae64a5d,23703,0
GridSybil_0709,3,test,8942c65e8b88fdb3,11535,1
GridSybil_0709,3,test,5ee3bcbb01af64e3,21639,0
GridSybil_0709,3,test,ec310430a02900d6,11217,0
GridSybil_0709,3,test,af2207ab0856ffab,21705,0
GridSybil_0709,3,test,4c76e9a492d4e053,23565,0
GridSybil_0709,3,test,297510dc66323b6e,11547,0
GridSybil_0709,3,test,921e0a46ca2c6375,12123,0
GridSybil_0709,3,test,d0cb7fe11641049d,11847,0
GridSybil_0709,3,test,1fd4ea4975e09c3e,12537,0
GridSybil_0709,3,test,9d89198eefa55a97,12369,0
GridSybil_0709,3,test,840bd7189465fffe,23037,0
GridSybil_0709,3,test,aa3b75f888707031,23643,0
GridSybil_0709,3,test,4aa9fc45e77ff33a,13089,0
GridSybil_0709,3,test,ad2019b8e6e66418,22503,0
GridSybil_0709,3,test,8547c46a1f9418d1,23583,0
GridSybil_0709,3,test,20affce185f07e5b,21825,0
GridSybil_0709,3,test,e907812236b66d6e,11703,0
GridSybil_0709,3,test,35e9f408f650fd20,21189,0
GridSybil_0709,3,test,2a5304f40ee6cbbc,11289,0
GridSybil_0709,3,test,f62e778360910845,23085,0
GridSybil_0709,3,test,56aded328184ec9f,12279,0
GridSybil_0709,3,test,96751c373f30a977,21957,0
GridSybil_0709,3,test,8ce8b357d4f56bd6,12303,0
GridSybil_0709,3,test,f9fae27df0819f6e,12399,0
GridSybil_0709,3,test,35c70756e4a7e61e,22167,0
GridSybil_0709,3,test,0e503ced9b5fee9c,22839,0
GridSybil_0709,3,test,fd3767430be27626,11559,0
GridSybil_0709,3,test,145985e63190c12c,23337,0
GridSybil_0709,3,test,4cccd5f91b47fab7,23877,0
GridSybil_0709,3,test,fe85ca669907ad32,22749,0
GridSybil_0709,3,test,d7c1ffe75eaefead,11241,0
GridSybil_0709,3,test,128edc9fd5a6e4e1,12987,0
GridSybil_0709,3,test,6ac587f35b5a7cde,21507,0
GridSybil_0709,3,test,bb179342858e4bbb,23769,0
GridSybil_0709,3,test,7cea81a99f362868,11307,0
GridSybil_0709,3,test,98b69593803ba4e1,22803,0
GridSybil_0709,3,test,3dac8285b8479d8e,22023,0
GridSybil_0709,3,test,f0cfb7df72817e8f,21423,0
GridSybil_0709,3,test,65a4a2bbc4eae079,22737,0
GridSybil_0709,3,test,7905fff97800cee0,22779,0
GridSybil_0709,3,test,8162ccc9e4a4004b,22863,0
GridSybil_0709,3,test,63917132cf92de29,22437,0
GridSybil_0709,3,test,52306d6b5d17aad7,24507,0
GridSybil_0709,3,test,a347b9a1d501e691,12603,0
GridSybil_0709,3,test,4be4e9dca75e9a08,24321,0
GridSybil_0709,3,test,f8c565a2cf7f48de,12879,0
GridSybil_0709,3,test,e3ba921edc7f4597,23709,0
GridSybil_0709,3,test,1049e749772d86dd,11943,0
GridSybil_0709,3,test,58d1fb0269f6aa4f,11961,0
GridSybil_0709,3,test,fd714d727de1301a,22041,0
GridSybil_0709,3,test,a9b7fe9422697a7b,23943,0
GridSybil_0709,3,test,1865a1d6c8aecf8b,21663,0
GridSybil_0709,3,test,a9d02e90f691609e,22125,0
GridSybil_0709,3,test,38451f1abd54f878,11679,0
GridSybil_0709,3,test,512556ca508fac76,13101,0
GridSybil_0709,3,test,3c674be6dc14fc7c,21549,0
GridSybil_0709,3,test,24057e7a10b45b53,21801,0
GridSybil_0709,3,test,86b6d71cc81721b2,21603,0
GridSybil_0709,3,test,a45e10c064f57ab4,24219,0
GridSybil_0709,3,test,3175e8c5d6275919,24597,0
GridSybil_0709,3,test,ae4b26cb236b1f19,21477,0
GridSybil_0709,3,test,43f3eb6a8457e107,23925,0
GridSybil_0709,3,test,e84c21209fc4a744,11109,0
GridSybil_0709,3,test,565b441cc8f6da31,10887,0
GridSybil_0709,3,test,dace756b425ce294,11163,0
GridSybil_0709,3,test,4c8df2540a2c1efb,11805,0
GridSybil_0709,3,test,d0f15f6ae755d1b7,23775,1
GridSybil_0709,3,test,6e9d463fa137f582,22899,0
GridSybil_0709,3,test,8d795f01ec9eb414,11037,0
GridSybil_0709,3,test,393a88a82eb9bc4a,23103,0
GridSybil_0709,3,test,7406aa37a4f36b82,22269,0
GridSybil_0709,3,test,c93b857ad90e290e,13149,0
GridSybil_0709,3,test,122bc0debc84fc9c,21717,0
GridSybil_0709,3,test,775d3da09e525912,12141,0
GridSybil_0709,3,test,fa2ee72fe85a2986,10689,0
GridSybil_0709,3,test,baf8de5500cd0a1e,11259,0
GridSybil_0709,3,test,770e61c4b5e3499f,23277,0
GridSybil_0709,3,test,79cac89789230b22,11229,0
GridSybil_0709,3,test,40c556b7a6dafa2b,23919,0
GridSybil_0709,3,test,0762c8c1d5bd79a5,21939,0
GridSybil_0709,3,test,6cd5349e5c08b4c9,11487,0
GridSybil_0709,3,test,87a1aa2afd7b7d4f,11247,0
GridSybil_0709,3,test,1da3fd85601ca41a,23169,0
GridSybil_0709,3,test,70a3428dea605512,10455,0
GridSybil_0709,3,test,6a792bbd4c020e82,12705,0
GridSybil_0709,3,test,8772cac000eb9b49,11265,0
GridSybil_0709,3,test,f9b6056e3b2ca144,22419,0
GridSybil_0709,3,test,41c8b2e454d09487,23049,0
GridSybil_0709,3,test,d3fbbec439a88e50,11409,0
GridSybil_0709,3,test,b97a893836e05be9,12249,0
GridSybil_0709,3,test,eb5926eb5fb6efe9,21417,0
GridSybil_0709,3,test,6da42b581af51d2e,23145,0
GridSybil_0709,3,test,282cf427b9dbccc7,21879,0
GridSybil_0709,3,test,0bff8eea762d7942,24525,0
GridSybil_0709,3,test,d7bfd7c01fffaad8,10737,0
GridSybil_0709,3,test,4c4103f8188ac018,23397,0
GridSybil_0709,3,test,8446873ce83d73cf,10839,0
GridSybil_0709,3,test,a8b21b46fd1bda6c,22959,0
GridSybil_0709,3,test,3aa63fc58bd28e8a,11385,0
GridSybil_0709,3,test,61eb2dc46767a9b6,11763,0
GridSybil_0709,3,test,176bdec2e844fa84,10455,0
GridSybil_0709,3,test,7721c4f4aaa49891,23403,0
GridSybil_0709,3,test,64502f6c806a46f3,23205,0
GridSybil_0709,3,test,507d4e6b1cf7f10c,24165,0
GridSybil_0709,3,test,671901863bb57c7a,10707,0
GridSybil_0709,3,test,0302a0948ed1bb20,13077,0
GridSybil_0709,3,test,c5e79d347ce7160d,21783,0
GridSybil_0709,3,test,0110a24067aa5432,22077,0
GridSybil_0709,4,train,8e46f103d9d26820,12357,0
GridSybil_0709,4,train,1c6e4b367475883e,12903,0
GridSybil_0709,4,train,dace756b425ce294,11163,0
GridSybil_0709,4,train,c81ff55b90c308f0,10767,0
GridSybil_0709,4,train,da65057762438fb2,22647,0
GridSybil_0709,4,train,f823d53e8e66b6cf,11469,0
GridSybil_0709,4,train,6ac587f35b5a7cde,21507,0
GridSybil_0709,4,train,9342ba1916f97e2a,12309,0
GridSybil_0709,4,train,098a706b8d6c2d77,11187,0
GridSybil_0709,4,train,b97a893836e05be9,12249,0
GridSybil_0709,4,train,8afb6df1ce121f8c,24057,0
GridSybil_0709,4,train,4f22c7f7791b6bce,11367,0
GridSybil_0709,4,train,dd44efb89d0609b2,24243,0
GridSybil_0709,4,train,e3ba921edc7f4597,23709,0
GridSybil_0709,4,train,33aaffcc0eea5ab4,22509,0
GridSybil_0709,4,train,59cb7ec56eed4e65,11517,0
GridSybil_0709,4,train,1fd4ea4975e09c3e,12537,0
GridSybil_0709,4,train,b80299ad25129298,23823,0
GridSybil_0709,4,train,385ba62f8f0e72b4,12789,0
GridSybil_0709,4,train,770e61c4b5e3499f,23277,0
GridSybil_0709,4,train,a14dcef151020356,12327,0
GridSybil_0709,4,train,2c7bd0e3721f34e1,12423,0
GridSybil_0709,4,train,bb32d10f11ca79a7,21531,1
GridSybil_0709,4,train,08e755fd10cdee78,12663,0
GridSybil_0709,4,train,2ce9f0472c26da06,23307,0
GridSybil_0709,4,train,a012c69167262907,21621,0
GridSybil_0709,4,train,56723860d92b1fb8,12897,0
GridSybil_0709,4,train,cf66e3e802271271,12843,0
GridSybil_0709,4,train,6dac178b64cc50fe,22263,0
GridSybil_0709,4,train,3475e08fe8000e27,12231,1
GridSybil_0709,4,train,72e308084e412535,10857,0
GridSybil_0709,4,train,2927299a3a9bbe37,11505,0
GridSybil_0709,4,train,d7bfd7c01fffaad8,10737,0
GridSybil_0709,4,train,e95a5ca6eec894c2,24237,0
GridSybil_0709,4,train,3d0da0cafba4281e,22179,0
GridSybil_0709,4,train,2722a4ec186b7c36,11019,0
GridSybil_0709,4,train,d34b2cfcd05e2daf,12825,0
GridSybil_0709,4,train,9e10a4cf9a6a4ca6,21867,0
GridSybil_0709,4,train,39866f7f5f5a89f4,24429,0
GridSybil_0709,4,train,389638aba1ebcf4d,24399,0
GridSybil_0709,4,train,fa2ee72fe85a2986,10689,0
GridSybil_0709,4,train,8ce8b357d4f56bd6,12303,0
GridSybil_0709,4,train,7a7ab0afd86a3322,22761,0
GridSybil_0709,4,train,6e55e7a8769e14a5,21627,0
GridSybil_0709,4,train,d6a3a9f7d4e6803f,22881,0
GridSybil_0709,4,train,cec3b2072a1c434f,10821,0
GridSybil_0709,4,train,73240c139b6d9cca,10785,0
GridSybil_0709,4,train,3006fe38d0c37414,21525,0
GridSybil_0709,4,train,cfab90f9861ae88d,23265,0
GridSybil_0709,4,train,0302a0948ed1bb20,13077,0
GridSybil_0709,4,train,e1ad2eaea48604d0,11625,0
GridSybil_0709,4,train,e98e72064d35962b,12921,0
GridSybil_0709,4,train,03e32ce70af0459e,12759,0
GridSybil_0709,4,train,32687fa4ccd399bc,10419,0
GridSybil_0709,4,train,ed162f2e2979a0ee,24327,0
GridSybil_0709,4,train,6ba2e315fafda8f3,10779,0
GridSybil_0709,4,train,51de3cc60fbf3921,23733,1
GridSybil_0709,4,train,fcb45c4e28b11d60,11097,0
GridSybil_0709,4,train,729a36253bf29852,12969,0
GridSybil_0709,4,train,a63e033f9f5710a2,21657,0
GridSybil_0709,4,train,87c063f1fee9553e,10749,0
GridSybil_0709,4,train,1dcbe9826eb10047,12459,0
GridSybil_0709,4,train,b1e981e6017bd7e0,12225,0
GridSybil_0709,4,train,15147846a733f7c4,23529,0
GridSybil_0709,4,train,3e4544e8e3abd35e,23319,0
GridSybil_0709,4,train,b2a866a417d71ec3,24417,0
GridSybil_0709,4,train,1587c1923449f9a6,13083,0
GridSybil_0709,4,train,671901863bb57c7a,10707,0
GridSybil_0709,4,train,1f9c75a91c526b09,22317,0
GridSybil_0709,4,train,ae103670c3dd5d2c,22563,0
GridSybil_0709,4,train,4c62423af6a76951,12837,0
GridSybil_0709,4,train,138db0522ba47670,23409,0
GridSybil_0709,4,train,450dc00622183481,10467,0
GridSybil_0709,4,train,42c9a1d952ee8fa2,24333,1
GridSybil_0709,4,train,ad2019b8e6e66418,22503,0
GridSybil_0709,4,train,d69db4105217184a,23229,0
GridSybil_0709,4,train,3df683d9304deca8,11697,0
GridSybil_0709,4,train,016730a55d5da840,22941,0
GridSybil_0709,4,train,1ec4d71acad9abcf,10431,0
GridSybil_0709,4,train,03b7bbf50a207a7a,12597,0
GridSybil_0709,4,train,ef68c3ebd5ae1526,12045,0
GridSybil_0709,4,train,1a8c23891e567b72,23343,0
GridSybil_0709,4,train,aeeb5fea78cdfbd9,24129,0
GridSybil_0709,4,train,8f98f43ee33d5aa2,21981,0
GridSybil_0709,4,train,021ba35f139c5260,24465,0
GridSybil_0709,4,train,ef9b7faac9e3c067,21459,0
GridSybil_0709,4,train,f7bd306240058964,11079,0
GridSybil_0709,4,train,474be1fb876c8941,11343,0
GridSybil_0709,4,train,80945e43a036a531,22329,0
GridSybil_0709,4,train,3481cbfa2b284e10,23187,0
GridSybil_0709,4,train,8c7f6e8bf1cf382e,22461,0
GridSybil_0709,4,train,05e23c5d2663361d,22107,0
GridSybil_0709,4,train,79cac89789230b22,11229,0
GridSybil_0709,4,train,65ab48d7f8d6e189,11103,0
GridSybil_0709,4,train,cf961d926ed445b7,13047,0
GridSybil_0709,4,train,c559f1272ac122d4,10581,0
GridSybil_0709,4,train,2f846c68604a631b,23109,0
GridSybil_0709,4,train,6f5e8d956eec8f68,11631,1
GridSybil_0709,4,train,86778eaca84d79af,10497,0
GridSybil_0709,4,train,03f061b1d15f5b06,23139,0
GridSybil_0709,4,train,f79cebdcba471de4,23901,0
GridSybil_0709,4,train,023e10536b58613d,12807,0
GridSybil_0709,4,train,c7cd4e717b1200af,22359,0
GridSybil_0709,4,train,70692f878c4c253f,24021,0
GridSybil_0709,4,train,106673a3c70df493,11937,0
GridSybil_0709,4,train,9d89198eefa55a97,12369,0
GridSybil_0709,4,train,6593cd75eec22fd4,12405,0
GridSybil_0709,4,train,ce86c2c79ca2c8b3,12069,0
GridSybil_0709,4,train,99a8f8aab3d232b4,11997,0
GridSybil_0709,4,train,8e71d875e3bdb70d,23829,0
GridSybil_0709,4,train,5f41a671c58e4a06,12057,0
GridSybil_0709,4,train,179af4a8e890e39a,12381,0
GridSybil_0709,4,train,994648611a113d2b,24303,0
GridSybil_0709,4,train,88282e7aed78af02,10413,0
GridSybil_0709,4,train,182fda0c6cefd835,12639,0
GridSybil_0709,4,train,5ee3bcbb01af64e3,21639,0
GridSybil_0709,4,train,c6721c0e5c682794,21945,0
GridSybil_0709,4,train,c58dfaa7d16fc7f6,11949,0
GridSybil_0709,4,train,d559104394f2e42f,12417,0
GridSybil_0709,4,train,d67a3b45f0263b40,24345,0
GridSybil_0709,4,train,407e124e2d850a21,11439,0
GridSybil_0709,4,train,b49f3fc1e6ea91f2,23907,0
GridSybil_0709,4,train,183bfb517d9ad1f9,10659,0
GridSybil_0709,4,train,364aee8b8ba1a6f0,24579,0
GridSybil_0709,4,train,3cf6833fb747aa03,11823,0
GridSybil_0709,4,train,0166a28896203838,10869,0
GridSybil_0709,4,train,d2f95b62aaf0530e,22059,0
GridSybil_0709,4,train,4cccd5f91b47fab7,23877,0
GridSybil_0709,4,train,23da6a17903b8065,21849,0
GridSybil_0709,4,train,128edc9fd5a6e4e1,12987,0
GridSybil_0709,4,train,92d91262e59d7847,22623,0
GridSybil_0709,4,train,7845a118b47cc144,22617,0
GridSybil_0709,4,train,4ab8f3b84d4430f9,11403,0
GridSybil_0709,4,train,d2734bc6b20241b0,22203,0
GridSybil_0709,4,train,817b6152e2c93aea,12237,0
GridSybil_0709,4,train,6a792bbd4c020e82,12705,0
GridSybil_0709,4,train,c04aae13a40e1868,23865,0
GridSybil_0709,4,train,1578237605b88f4e,11199,0
GridSybil_0709,4,train,4aa9fc45e77ff33a,13089,0
GridSybil_0709,4,train,55e058dd54ab0cbb,12819,0
GridSybil_0709,4,train,b678aaf5065d53ec,22557,0
GridSybil_0709,4,train,bbbcf33d0e07a8d8,12147,0
GridSybil_0709,4,train,e3e0f438bec375da,24027,0
GridSybil_0709,4,train,0a28efcbe19a4f60,12021,0
GridSybil_0709,4,train,ce39704d1a17c66a,24267,0
GridSybil_0709,4,train,88dd3363f956004a,22287,0
GridSybil_0709,4,train,a347b9a1d501e691,12603,0
GridSybil_0709,4,train,a5dd98ef3ea32fa6,11463,0
GridSybil_0709,4,train,476850b7fad8a813,12585,0
GridSybil_0709,4,train,0f6dc20704e16feb,10665,0
GridSybil_0709,4,train,8dc651857e492f37,13143,0
GridSybil_0709,4,train,0799774113fc90b1,24567,0
GridSybil_0709,4,train,d5c8329d5db80b20,13269,0
GridSybil_0709,4,train,cd2feb371240742f,22677,0
GridSybil_0709,4,train,97ac3c67f5ca6224,21921,0
GridSybil_0709,4,train,47d8f47bae3b97c2,11709,0
GridSybil_0709,4,train,e8d836c7651037fa,23967,0
GridSybil_0709,4,train,6fd7e662aa8be282,22809,0
GridSybil_0709,4,train,9dcab5dbcc928bbe,24069,0
GridSybil_0709,4,train,8446873ce83d73cf,10839,0
GridSybil_0709,4,train,3f02aec4c6b8d92e,10629,0
GridSybil_0709,4,train,dc74c6e394417a24,23859,0
GridSybil_0709,4,train,87025b8f268b2742,11589,0
GridSybil_0709,4,train,98b69593803ba4e1,22803,0
GridSybil_0709,4,train,0a24c39fc04ab63c,24585,0
GridSybil_0709,4,train,d85da1d5074bcf40,11907,0
GridSybil_0709,4,train,38259e98ac712d1b,22659,0
GridSybil_0709,4,train,e3997728e5578ba9,23391,1
GridSybil_0709,4,train,edaca75b05eddadf,22767,0
GridSybil_0709,4,train,eda1089b63de8d6f,22485,0
GridSybil_0709,4,train,4c4103f8188ac018,23397,0
GridSybil_0709,4,train,fb0354f5dd90ae42,11865,0
GridSybil_0709,4,train,5542e7da68aa5929,10947,0
GridSybil_0709,4,train,32bff070232fde13,10845,0
GridSybil_0709,4,train,1049e749772d86dd,11943,0
GridSybil_0709,4,train,d98b7cddb7e224ca,11901,0
GridSybil_0709,4,train,5b39245f318eb55c,10407,0
GridSybil_0709,4,train,288e1236df50655e,22827,0
GridSybil_0709,4,train,a58b2fd8c55347d7,22281,0
GridSybil_0709,4,train,744c9a6eef8a7345,23199,0
GridSybil_0709,4,train,c0dec5dcb771d773,23739,0
GridSybil_0709,4,train,776564fa21831ce8,11025,0
GridSybil_0709,4,train,bcff996ad9ed836e,10323,0
GridSybil_0709,4,train,fd38a86cf9451808,21543,0
GridSybil_0709,4,train,eef23eef07a4def6,24627,0
GridSybil_0709,4,train,c0978672a9a0e539,24159,0
GridSybil_0709,4,train,a84e9728ae7e36cb,12117,0
GridSybil_0709,4,train,a8b21b46fd1bda6c,22959,0
GridSybil_0709,4,train,aaa9f8a1f4f6fe03,21987,0
GridSybil_0709,4,train,675e7bd57cc337fb,10683,0
GridSybil_0709,4,train,70a3428dea605512,10455,0
GridSybil_0709,4,train,0bcf568de23b6339,12801,0
GridSybil_0709,4,train,c12a26c568886974,10881,0
GridSybil_0709,4,train,529cab8d8ce86099,23025,0
GridSybil_0709,4,train,6e5f0cc4ff21f743,11835,1
GridSybil_0709,4,train,3188010f90f0abd7,11637,0
GridSybil_0709,4,train,e584cf2edbe68fac,22719,0
GridSybil_0709,4,train,8c8b4944c84e1cd9,13005,0
GridSybil_0709,4,train,1390d67e31c51140,22299,0
GridSybil_0709,4,train,3c674be6dc14fc7c,21549,0
GridSybil_0709,4,train,7481c03bc51bb6e1,21897,0
GridSybil_0709,4,train,c780a840787154ec,12927,0
GridSybil_0709,4,train,2fe4715152877262,23427,0
GridSybil_0709,4,train,d3f97bbb74d9ba3a,23523,0
GridSybil_0709,4,train,42a7cd387c027930,12939,0
GridSybil_0709,4,train,4fdc1e4982da8b51,22569,0
GridSybil_0709,4,train,6660012c801ab2c8,21819,0
GridSybil_0709,4,train,589a8bd4dbe87457,10587,0
GridSybil_0709,4,train,b2befc5a72e681de,11565,0
GridSybil_0709,4,train,9abded3a3c6e5cd9,22065,0
GridSybil_0709,4,train,14e2615bd0d5cf38,24177,0
GridSybil_0709,4,train,d06c292d0acc4c9a,11739,0
GridSybil_0709,4,train,40c556b7a6dafa2b,23919,0
GridSybil_0709,4,train,c0445a2253fd7c42,11157,0
GridSybil_0709,4,train,029accc22a607bb6,21465,0
GridSybil_0709,4,train,6f241839096f7b5b,13137,0
GridSybil_0709,4,train,7a7026c23a41bbe8,12849,0
GridSybil_0709,4,train,5b16f22fe0783625,22407,0
GridSybil_0709,4,train,921e0a46ca2c6375,12123,0
GridSybil_0709,4,train,1f7816b09e4c3f8a,22857,0
GridSybil_0709,4,train,3dac8285b8479d8e,22023,0
GridSybil_0709,4,train,52709b5c31421049,11049,0
GridSybil_0709,4,train,24057e7a10b45b53,21801,0
GridSybil_0709,4,train,c13aecf974443f2f,23121,0
GridSybil_0709,4,train,fb2b8bf36c0b9c38,22347,0
GridSybil_0709,4,train,14558751ba3ee240,10431,0
GridSybil_0709,4,train,8af60cce9ff802f4,12681,0
GridSybil_0709,4,train,424cc15880a94c98,10863,0
GridSybil_0709,4,train,aa3b75f888707031,23643,0
GridSybil_0709,4,train,32f4b5047efa9e29,10431,0
GridSybil_0709,4,train,74ef3db12c0e746a,12999,0
GridSybil_0709,4,train,f0cfb7df72817e8f,21423,0
GridSybil_0709,4,train,282cf427b9dbccc7,21879,0
GridSybil_0709,4,train,96954854d0ac6110,21807,0
GridSybil_0709,4,train,2092c47f1eab47d7,11067,0
GridSybil_0709,4,train,e2d6abf27bb8b5fb,22785,0
GridSybil_0709,4,train,9582a77c74957cea,24297,0
GridSybil_0709,4,train,e0f76fc508d96a32,21441,0
GridSybil_0709,4,train,8a3166759627aab7,22479,0
GridSybil_0709,4,train,ec9de7ccc9ecbd30,24117,0
GridSybil_0709,4,train,f76b2a3bc6974e11,21381,0
GridSybil_0709,4,train,c40591fe1d5a5561,12543,0
GridSybil_0709,4,train,f40a48724eba7fc0,22587,0
GridSybil_0709,4,train,7d8e23b9950b342b,12039,0
GridSybil_0709,4,train,35c70756e4a7e61e,22167,0
GridSybil_0709,4,train,28c621c55ceb6bd1,21579,0
GridSybil_0709,4,train,93f2e87110c3d539,11787,0
GridSybil_0709,4,train,2a5cacfe49f81d92,13017,0
GridSybil_0709,4,train,2519cc74db361f0f,13023,0
GridSybil_0709,4,train,a951f3faa2c240a9,23361,0
GridSybil_0709,4,train,351a28f109ac0906,22713,1
GridSybil_0709,4,train,a83c4f712ce5fdbd,23517,0
GridSybil_0709,4,train,70d2fa43f1466d30,11979,0
GridSybil_0709,4,train,3a41898caf4c490c,24543,0
GridSybil_0709,4,train,a27f376b7c3c353f,11337,0
GridSybil_0709,4,train,a5bd19dfa3637c8c,11223,0
GridSybil_0709,4,train,06943198d48497eb,10545,0
GridSybil_0709,4,train,89799b8372bb2ddd,22215,1
GridSybil_0709,4,train,541bb03b68717ad5,10557,0
GridSybil_0709,4,train,da3cd82cd2936b69,12285,0
GridSybil_0709,4,train,02dd099f12b52f41,23787,0
GridSybil_0709,4,train,df1e4bc6453134eb,21885,0
GridSybil_0709,4,train,aa7395507cf098bf,10509,0
GridSybil_0709,4,train,b14dbb80a859bfef,24015,1
GridSybil_0709,4,train,e041f9f42bc2e9ef,21609,0
GridSybil_0709,4,train,e5e29f432a4587c4,23463,0
GridSybil_0709,4,train,ab55d9276c45a058,12525,0
GridSybil_0709,4,train,6402ed3f74725811,12861,0
GridSybil_0709,4,train,f6daa0422a652f84,10347,0
GridSybil_0709,4,train,19166ea9a12271e1,23487,0
GridSybil_0709,4,train,3a258cbc6623df10,10539,0
GridSybil_0709,4,train,d3fbbec439a88e50,11409,0
GridSybil_0709,4,train,1d804ec16a11768d,11181,0
GridSybil_0709,4,train,6b409441c84c6018,11577,0
GridSybil_0709,4,train,beccdf204f47aea1,23067,0
GridSybil_0709,4,train,67f1ec6653346ff9,22221,0
GridSybil_0709,4,train,9f4b97b7eec81145,10485,0
GridSybil_0709,4,train,975f98ea6055304f,21585,0
GridSybil_0709,4,train,7cea81a99f362868,11307,0
GridSybil_0709,4,train,f4061c769791aaaf,22137,0
GridSybil_0709,4,train,82691e211ea89cfa,11661,0
GridSybil_0709,4,train,8a2c286f090df970,24141,0
GridSybil_0709,4,train,47c7d8cb15b96a1c,24561,0
GridSybil_0709,4,train,b724a85ba634820a,11361,0
GridSybil_0709,4,train,eacda4fe1dd5f4de,22887,0
GridSybil_0709,4,train,ac094649890a4b65,12339,0
GridSybil_0709,4,train,6e9d463fa137f582,22899,0
GridSybil_0709,4,train,bb179342858e4bbb,23769,0
GridSybil_0709,4,train,1f5459aaf91944ec,23745,0
GridSybil_0709,4,train,c93b857ad90e290e,13149,0
GridSybil_0709,4,train,2d02220c99d54349,23949,0
GridSybil_0709,4,train,b05c6f2bb5796379,23007,0
GridSybil_0709,4,train,196f91a5558f2fff,22929,0
GridSybil_0709,4,train,58cf64697270240b,23619,0
GridSybil_0709,4,train,2a5304f40ee6cbbc,11289,0
GridSybil_0709,4,train,fec45da755c6dade,21597,0
GridSybil_0709,4,train,dcfd4e0dda2d9713,22425,0
GridSybil_0709,4,train,58d1fb0269f6aa4f,11961,0
GridSybil_0709,4,train,933f49d775f81d0e,23001,0
GridSybil_0709,4,train,f9fae27df0819f6e,12399,0
GridSybil_0709,4,train,0b6b6704d4ee2e3f,22521,0
GridSybil_0709,4,train,1360b3cd9b31a3a2,10503,0
GridSybil_0709,4,train,bf58d3a79f83cc70,12207,0
GridSybil_0709,4,train,393a88a82eb9bc4a,23103,0
GridSybil_0709,4,train,a9b7fe9422697a7b,23943,0
GridSybil_0709,4,train,3175e8c5d6275919,24597,0
GridSybil_0709,4,train,842f8d0cc6ea17fd,23061,0
GridSybil_0709,4,train,f8c565a2cf7f48de,12879,0
GridSybil_0709,4,train,fd714d727de1301a,22041,0
GridSybil_0709,4,train,b1bca6957a04b496,10449,0
GridSybil_0709,4,train,41c8b2e454d09487,23049,0
GridSybil_0709,4,train,df56f6137e4669c9,11583,0
GridSybil_0709,4,train,34e6fdaee1c1fc7f,23043,0
GridSybil_0709,4,train,938b6280eefd7d26,21909,0
GridSybil_0709,4,train,d3c9d9df9f856ce6,21903,0
GridSybil_0709,4,train,79d9d199fa4d7520,23697,0
GridSybil_0709,4,train,5d3beaba3ae346ab,12441,0
GridSybil_0709,4,train,e3c32308846ef11e,23223,0
GridSybil_0709,4,train,82ccc14e884b9fbe,12219,0
GridSybil_0709,4,train,9f60709cf7d67846,11643,0
GridSybil_0709,4,train,fd3767430be27626,11559,0
GridSybil_0709,4,train,a81f8844a96250ee,10599,0
GridSybil_0709,4,train,dc6d90765e2b4bb0,21567,0
GridSybil_0709,4,train,b61244b37aab63a7,12159,0
GridSybil_0709,4,train,7081edc88fd2b2e5,22539,0
GridSybil_0709,4,train,f2e738f34a77be49,24105,0
GridSybil_0709,4,train,b875fb6040272f55,24369,0
GridSybil_0709,4,train,f00be15e464034bf,22665,0
GridSybil_0709,4,train,1f7e4ddc925dfcac,22161,0
GridSybil_0709,4,train,55abf551f80c7b60,11379,0
GridSybil_0709,4,train,ee40b8d1e37a95d6,21243,0
GridSybil_0709,4,train,d4b5e0bf0c6d9afc,13203,0
GridSybil_0709,4,train,0762c8c1d5bd79a5,21939,0
GridSybil_0709,4,train,413eda3ae0592599,10983,0
GridSybil_0709,4,train,80b47d3dd69e366b,22029,0
GridSybil_0709,4,train,b97bbb784ea138be,23811,1
GridSybil_0709,4,train,946e2079bc3f8bda,10431,0
GridSybil_0709,4,train,252d1de6f5fc93c6,22209,0
GridSybil_0709,4,train,d47d0f991421b593,10965,0
GridSybil_0709,4,train,b9305520e07a0cb0,23817,0
GridSybil_0709,4,train,45a01c13685fd5bb,22443,0
GridSybil_0709,4,train,bc3338e26ffd24c6,11529,0
GridSybil_0709,4,train,fefb81926266fa4c,12129,0
GridSybil_0709,4,train,7905fff97800cee0,22779,0
GridSybil_0709,4,train,8aa9b3cd46392195,24123,0
GridSybil_0709,4,train,8ece53c55f060537,21483,0
GridSybil_0709,4,train,6cd5349e5c08b4c9,11487,0
GridSybil_0709,4,train,ecaf965f7e77c51d,22341,0
GridSybil_0709,4,train,df63b794862efae4,22683,0
GridSybil_0709,4,train,99e2a3ffff98f909,22923,0
GridSybil_0709,4,train,f63b5ae36083cfa1,12483,0
GridSybil_0709,4,train,37b2ebbc989c20aa,11649,0
GridSybil_0709,4,train,505bbda5df74dd91,22143,0
GridSybil_0709,4,train,fc9468238aa4379b,12321,0
GridSybil_0709,4,train,fe85ca669907ad32,22749,0
GridSybil_0709,4,train,d52a8719cf3d1315,23589,0
GridSybil_0709,4,train,1b45b7fb764f8b61,11457,0
GridSybil_0709,4,train,43275696b92bccbf,12501,0
GridSybil_0709,4,train,66f46800155ab656,10677,0
GridSybil_0709,4,train,b0931faa5256e945,23283,0
GridSybil_0709,4,train,165b9ab441272086,23559,0
GridSybil_0709,4,train,7797e54b3c001bb5,10617,0
GridSybil_0709,4,train,5d83b4767bf22331,22845,0
GridSybil_0709,4,train,ecbd288fcf5febc7,23499,0
GridSybil_0709,4,train,1938a927407ca6fb,11769,0
GridSybil_0709,4,train,9594f2da08bd5ea3,10905,0
GridSybil_0709,4,train,8309e00f57640c7b,12027,0
GridSybil_0709,4,train,ae4b26cb236b1f19,21477,0
GridSybil_0709,4,train,6450330ed2e3416d,22689,0
GridSybil_0709,4,train,d17451b53186c67c,22797,0
GridSybil_0709,4,train,e1d52ddf9babf4d0,11601,0
GridSybil_0709,4,train,6c52a7b8751f42c2,21747,0
GridSybil_0709,4,train,83c3246f76fffe33,10647,0
GridSybil_0709,4,train,99a29165a9356478,22083,0
GridSybil_0709,4,train,f250f90d61e69370,12429,0
GridSybil_0709,4,train,9f4ae5097006f53b,10521,0
GridSybil_0709,4,train,9383be04711037ae,21927,0
GridSybil_0709,4,train,b454199b983b4b9e,12723,0
GridSybil_0709,4,train,fb7202650b533db0,12549,0
GridSybil_0709,4,train,8319cf5ece96d056,10413,0
GridSybil_0709,4,train,3dccd430d08e16b1,23991,1
GridSybil_0709,4,train,d277074785aec3e0,23721,0
GridSybil_0709,4,train,bfc3a926ab522d4f,24207,0
GridSybil_0709,4,train,955903240f2044d0,11139,0
GridSybil_0709,4,train,dab9327dcca9766f,24489,0
GridSybil_0709,4,train,43133b8596a6312c,21969,0
GridSybil_0709,4,train,d7c1ffe75eaefead,11241,0
GridSybil_0709,4,train,e610fe0dc2d96278,21861,0
GridSybil_0709,4,train,73056407366c90b5,23667,0
GridSybil_0709,4,train,8bd2996d49cf29f9,12963,0
GridSybil_0709,4,train,c64547c382ec8669,24483,0
GridSybil_0709,4,train,75d6f64562112a62,11481,0
GridSybil_0709,4,train,6da42b581af51d2e,23145,0
GridSybil_0709,4,train,a5655c67f54a1ed5,22869,0
GridSybil_0709,4,train,0a2ec4d5b2482654,21999,0
GridSybil_0709,4,train,2c921beadb3a8c72,10431,0
GridSybil_0709,4,train,8b40f5ed33c60cc9,24183,0
GridSybil_0709,4,train,76dd79f0d657f4bc,21843,0
GridSybil_0709,4,train,4e38915a1984670b,11727,0
GridSybil_0709,4,train,96f1991febb1e664,11301,0
GridSybil_0709,4,train,1df08066b1c003ad,24279,0
GridSybil_0709,4,train,b1090eb99580ad12,23481,0
GridSybil_0709,4,train,ec310430a02900d6,11217,0
GridSybil_0709,4,train,a183af7e2dec91cf,23079,0
GridSybil_0709,4,train,23c5c8acf8cd593e,12567,0
GridSybil_0709,4,train,1e9dab5225d1d375,10431,0
GridSybil_0709,4,train,b20099ca50764f80,11859,0
GridSybil_0709,4,train,5ff2f781116211fc,21429,0
GridSybil_0709,4,train,57cfe9167758d5e0,22701,0
GridSybil_0709,4,train,f0cec5d9c441070f,22311,1
GridSybil_0709,4,train,cf98284499e98c39,12729,0
GridSybil_0709,4,train,e2325eded33e089c,24495,1
GridSybil_0709,4,train,4be4e9dca75e9a08,24321,0
GridSybil_0709,4,train,a7bbc43439464214,12345,0
GridSybil_0709,4,train,122bc0debc84fc9c,21717,0
GridSybil_0709,4,train,417210699a08e989,24189,0
GridSybil_0709,4,train,d943b28b7a16e86d,12003,0
GridSybil_0709,4,train,95cdd9128b4ef8f9,12243,0
GridSybil_0709,4,train,270c0811b60919bc,11205,0
GridSybil_0709,4,train,2698c435fe6050a0,23097,0
GridSybil_0709,4,train,8038b8a7e17fb3e3,11985,0
GridSybil_0709,4,train,507d4e6b1cf7f10c,24165,0
GridSybil_0709,4,train,a83688ca79ea33ad,11349,0
GridSybil_0709,4,train,dc37754408bc15c8,10701,0
GridSybil_0709,4,train,df438fe3c3f96101,11841,0
GridSybil_0709,4,train,265405be23188552,22545,0
GridSybil_0709,4,train,20c1363ed14e6718,12099,0
GridSybil_0709,4,train,7406aa37a4f36b82,22269,0
GridSybil_0709,4,train,eeedb42ce94143e4,10527,0
GridSybil_0709,4,train,773b2518565ae2a4,13167,0
GridSybil_0709,4,train,191971bcd178a950,11799,0
GridSybil_0709,4,train,2ee007c0380b96d4,21285,0
GridSybil_0709,4,train,3715e2dae5b0255e,12609,0
GridSybil_0709,4,train,b996ff998a817b00,21537,0
GridSybil_0709,4,train,f3bfd0f217f95e24,23181,0
GridSybil_0709,4,train,e00eb0c26849ed94,24063,0
GridSybil_0709,4,train,ea2ee4c21927135b,22245,0
GridSybil_0709,4,train,145985e63190c12c,23337,0
GridSybil_0709,4,train,455da943386bfe93,12765,0
GridSybil_0709,4,train,cf10c4c359d10850,12867,0
GridSybil_0709,4,train,c8e7bafaf4b9c51a,23325,0
GridSybil_0709,4,train,9d32bb7f1c465bf3,24099,0
GridSybil_0709,4,train,6ed0b1c8478a3139,22047,0
GridSybil_0709,4,train,537b0991378b26e3,12087,0
GridSybil_0709,4,train,8f795c197e297aa4,11043,0
GridSybil_0709,4,train,290324490f4d437c,23577,0
GridSybil_0709,4,train,8cf43b884fa89594,23367,0
GridSybil_0709,4,train,60c211f90d1020f9,13257,0
GridSybil_0709,4,train,d7eb4876d2a1a590,12489,0
GridSybil_0709,4,train,cbead705b52d97c6,21777,0
GridSybil_0709,4,train,abe9de52809c24a5,12105,0
GridSybil_0709,4,train,1803765026c4df62,21561,0
GridSybil_0709,4,train,568314a17e5c789f,12909,0
GridSybil_0709,4,train,e52ef934475aaa88,13209,0
GridSybil_0709,4,train,0bff8eea762d7942,24525,0
GridSybil_0709,4,train,86b6d71cc81721b2,21603,0
GridSybil_0709,4,train,af6a2f1cc87867b9,10563,0
GridSybil_0709,4,train,5ad8a6afd8a1a13c,22497,0
GridSybil_0709,4,train,98ab00d299cde750,21789,0
GridSybil_0709,4,train,3ee5c987db7e0e6b,11919,0
GridSybil_0709,4,train,88daa49e1d7e3d6b,12063,0
GridSybil_0709,4,train,baf2cdfcd10f068c,23439,0
GridSybil_0709,4,train,dd9bdbf7a5f98623,22389,0
GridSybil_0709,4,train,eb66ef3135f2e798,12189,0
GridSybil_0709,4,train,f64b635fc2d024b6,22947,0
GridSybil_0709,4,train,38ec9fa2246bff54,24147,0
GridSybil_0709,4,train,4eb759fe580f1792,10803,0
GridSybil_0709,4,train,9bec5b3625dfdd08,22743,0
GridSybil_0709,4,train,f8595c32e6bf2645,24201,0
GridSybil_0709,4,train,1afe517741519277,21681,0
GridSybil_0709,4,train,4c76e9a492d4e053,23565,0
GridSybil_0709,4,train,176bdec2e844fa84,10455,0
GridSybil_0709,4,train,cadd5e9f5e4d0848,24003,0
GridSybil_0709,4,train,a3d23406dea11e4b,22599,0
GridSybil_0709,4,train,f8aa111c81019def,12741,0
GridSybil_0709,4,train,fe3f8e0774154280,23349,0
GridSybil_0709,4,train,0b922c5efe7f4b11,21729,0
GridSybil_0709,4,train,3cd9aa61bd700994,11427,0
GridSybil_0709,4,train,e856a6d8d9f35901,10383,0
GridSybil_0709,4,train,8547c46a1f9418d1,23583,0
GridSybil_0709,4,train,1e59c686aa8f4c79,11085,0
GridSybil_0709,4,train,f838d1ffee5f78f3,21405,0
GridSybil_0709,4,train,0e503ced9b5fee9c,22839,0
GridSybil_0709,4,train,0744db6bad5d3c38,21303,0
GridSybil_0709,4,train,d72bb386b0bfdfc7,11169,0
GridSybil_0709,4,train,6332040abb242011,10725,0
GridSybil_0709,4,train,79f8531061274064,21357,0
GridSybil_0709,4,train,69cb2b5fb903ffc1,23289,0
GridSybil_0709,4,train,baf8de5500cd0a1e,11259,0
GridSybil_0709,4,train,b10e1135437bf6dd,12561,0
GridSybil_0709,4,train,a45e10c064f57ab4,24219,0
GridSybil_0709,4,train,ea214118a4b6254d,11397,0
GridSybil_0709,4,train,ef46cd6e7fc6f5c8,13179,0
GridSybil_0709,4,train,64502f6c806a46f3,23205,0
GridSybil_0709,4,train,9efefc432785f0dd,11007,0
GridSybil_0709,4,train,65a4a2bbc4eae079,22737,0
GridSybil_0709,4,train,ec04b21fb8e97630,12981,0
GridSybil_0709,4,train,64c5322f313091ad,23961,0
GridSybil_0709,4,train,d85f92558bf64c9e,11745,0
GridSybil_0709,4,train,f555b4dc39cc7e31,22911,1
GridSybil_0709,4,train,5df6fd83cbd5be98,12447,0
GridSybil_0709,4,train,adee5cb25ed26d9b,23997,0
GridSybil_0709,4,train,4f8e268f666a6c07,10797,0
GridSybil_0709,4,train,0db52bee10c340ac,11829,0
GridSybil_0709,4,train,8b0b01e23e279fe7,22323,0
GridSybil_0709,4,train,141d36a78583b79c,11277,0
GridSybil_0709,4,train,e092655ad685f48a,23469,0
GridSybil_0709,4,train,96751c373f30a977,21957,0
GridSybil_0709,4,train,39f53f028fe6a47d,10569,0
GridSybil_0709,4,train,730a8e4495686c57,22725,0
GridSybil_0709,4,train,7c3e24c82b2f02df,24387,0
GridSybil_0709,4,train,7505de777c9c1f4f,21741,0
GridSybil_0709,4,train,943a04119cd41566,10605,0
GridSybil_0709,4,train,9061db9b55315a4e,23649,0
GridSybil_0709,4,train,b5946de39725409e,23217,0
GridSybil_0709,4,test,dfaaceb3a56852ec,23985,0
GridSybil_0709,4,test,52d4ca5e0477632d,11541,0
GridSybil_0709,4,test,e7e2e3a155fca76e,12297,0
GridSybil_0709,4,test,b6167dd78d50433f,23799,0
GridSybil_0709,4,test,513658115d2280a9,11145,0
GridSybil_0709,4,test,c7037e1e9672ea5e,10917,0
GridSybil_0709,4,test,5c7f89fe1fed1e2a,11781,0
GridSybil_0709,4,test,32dd17638df0e0e9,12465,0
GridSybil_0709,4,test,5823b545fd0b7461,21699,0
GridSybil_0709,4,test,feedb4e201a74b3c,22005,0
GridSybil_0709,4,test,1da3fd85601ca41a,23169,0
GridSybil_0709,4,test,f86a4d2a78a86d6f,11607,0
GridSybil_0709,4,test,2efa5eb9b7f1f722,10515,0
GridSybil_0709,4,test,78477f1996c9a488,23379,0
GridSybil_0709,4,test,08562719ec11c89b,23445,0
GridSybil_0709,4,test,2d8a17e8e66b5c48,22185,0
GridSybil_0709,4,test,e70e6620caabd3f7,22605,0
GridSybil_0709,4,test,5998362491b0fa94,23421,0
GridSybil_0709,4,test,526f33fda1d64850,22629,0
GridSybil_0709,4,test,6ccdcc21e0be543d,10515,0
GridSybil_0709,4,test,1480646aca0a0b45,12573,1
GridSybil_0709,4,test,e9fc7ebec71b0088,10899,0
GridSybil_0709,4,test,f984c7bab2fb3396,24315,1
GridSybil_0709,4,test,a241b7226d6d7b3b,12081,0
GridSybil_0709,4,test,490ecf8d937cc051,22983,0
GridSybil_0709,4,test,6637f9d19bd4f23f,22977,0
GridSybil_0709,4,test,1e4683bd2d45e74a,22581,0
GridSybil_0709,4,test,4c8df2540a2c1efb,11805,0
GridSybil_0709,4,test,c5e79d347ce7160d,21783,0
GridSybil_0709,4,test,8772cac000eb9b49,11265,0
GridSybil_0709,4,test,e8892b8decf427cd,22821,0
GridSybil_0709,4,test,af6538844582cc02,22965,0
GridSybil_0709,4,test,bd9ef8588178cad4,13227,0
GridSybil_0709,4,test,43f3eb6a8457e107,23925,0
GridSybil_0709,4,test,95d76ee9a3c09678,23679,0
GridSybil_0709,4,test,3ceb0faa845c9fb3,23727,0
GridSybil_0709,4,test,a0823cf99f409084,10395,0
GridSybil_0709,4,test,daec33b0d5f06de4,12687,0
GridSybil_0709,4,test,fc74a4e38a7b3dd1,12519,0
GridSybil_0709,4,test,c4e1d53825229d8f,22365,0
GridSybil_0709,4,test,410cb9881b242e4c,23385,0
GridSybil_0709,4,test,d0cb7fe11641049d,11847,0
GridSybil_0709,4,test,565b441cc8f6da31,10887,0
GridSybil_0709,4,test,041280da460bc312,12783,0
GridSybil_0709,4,test,7f5a3448afab9d32,23841,0
GridSybil_0709,4,test,22e32ed9139c480f,22017,0
GridSybil_0709,4,test,401b1d06a1a20137,10515,0
GridSybil_0709,4,test,a6d8d9c6b4f16112,24009,0
GridSybil_0709,4,test,e3d4b97b576bd54a,10977,0
GridSybil_0709,4,test,a69bdec705326188,11001,0
GridSybil_0709,4,test,71cda1854759c08b,10719,0
GridSybil_0709,4,test,b49fc47f2f886604,12177,0
GridSybil_0709,4,test,bdf2f334566c57e1,23301,0
GridSybil_0709,4,test,eb5926eb5fb6efe9,21417,0
GridSybil_0709,4,test,b038aeed8e114e79,21759,0
GridSybil_0709,4,test,9a6e21b30c9a10cf,21501,0
GridSybil_0709,4,test,cddf93ed0d5df5c0,24309,0
GridSybil_0709,4,test,3ab38286f3566bee,23241,0
GridSybil_0709,4,test,98f67b0b7efa1200,12777,0
GridSybil_0709,4,test,c3141cf7aae64a5d,23703,0
GridSybil_0709,4,test,59f051e28689a914,23259,0
GridSybil_0709,4,test,09ffb4c236197c13,10395,0
GridSybil_0709,4,test,7a47cc5974214da4,23541,0
GridSybil_0709,4,test,9e3260c9d07ea3de,12387,0
GridSybil_0709,4,test,2f89064712e8bb51,22089,0
GridSybil_0709,4,test,92139e2e0272404e,22257,0
GridSybil_0709,4,test,bc6b2503326c02d2,10623,0
GridSybil_0709,4,test,2680e1816de8429c,23547,0
GridSybil_0709,4,test,02be9feb9012da20,11061,0
GridSybil_0709,4,test,28d7b19365fe8ba9,22707,0
GridSybil_0709,4,test,cbcb3645c09cd415,23661,0
GridSybil_0709,4,test,25987816404bfeea,13239,0
GridSybil_0709,4,test,d0fc8c2c458bfaf0,21993,1
GridSybil_0709,4,test,2baafcde2eeb20ce,12885,0
GridSybil_0709,4,test,f9494814de9d20c1,21765,0
GridSybil_0709,4,test,ebbed9202a47fcf6,12945,0
GridSybil_0709,4,test,36905ca773ed5b81,11319,0
GridSybil_0709,4,test,297510dc66323b6e,11547,0
GridSybil_0709,4,test,0fc90d605fc2dd7d,21837,0
GridSybil_0709,4,test,e3611853e91928a5,10959,0
GridSybil_0709,4,test,3929ec59b7831b2f,13029,0
GridSybil_0709,4,test,0d387f0bbac78961,11883,0
GridSybil_0709,4,test,ef8e00b576ce222f,23625,0
GridSybil_0709,4,test,3aa63fc58bd28e8a,11385,0
GridSybil_0709,4,test,74b08620846c03e9,11925,0
GridSybil_0709,4,test,e918d9ab4ac17207,12621,0
GridSybil_0709,4,test,62a36aa5922a72d8,21963,0
GridSybil_0709,4,test,7edb55b91addcbd7,22197,0
GridSybil_0709,4,test,cb89fc6ecd6669f3,22377,0
GridSybil_0709,4,test,2e9fd68ff17fa948,10929,0
GridSybil_0709,4,test,0001a4e494895e2c,11889,0
GridSybil_0709,4,test,61eb2dc46767a9b6,11763,0
GridSybil_0709,4,test,193b3ff847ff7037,11523,0
GridSybil_0709,4,test,603bacf91c08ba49,21489,0
GridSybil_0709,4,test,ac6cb381a63a5afb,10761,0
GridSybil_0709,4,test,cff609a58c85d111,22305,0
GridSybil_0709,4,test,0863593c4a5a7df5,13275,1
GridSybil_0709,4,test,82faafadacf70c03,11757,0
GridSybil_0709,4,test,eba0c07f9abeca1a,12009,0
GridSybil_0709,4,test,103694c7f2c2d649,11445,0
GridSybil_0709,4,test,775d3da09e525912,12141,0
GridSybil_0709,4,test,1a5e2f075bf78d24,12645,0
GridSybil_0709,4,test,8162ccc9e4a4004b,22863,0
GridSybil_0709,4,test,9eaaea2a71e0f8e2,24285,0
GridSybil_0709,4,test,4fae41de31264062,11877,0
GridSybil_0709,4,test,45b737d9a1437816,22401,0
GridSybil_0709,4,test,1c78e6e136d03e5d,12657,0
GridSybil_0709,4,test,35e9f408f650fd20,21189,0
GridSybil_0709,4,test,dd3e25ab4755da77,12165,0
GridSybil_0709,4,test,f38b4702b23032f5,21645,0
GridSybil_0709,4,test,311f5c22e3acf651,10743,0
GridSybil_0709,4,test,0444ac6522f01b86,24225,0
GridSybil_0709,4,test,5d9a5798683de86c,10827,0
GridSybil_0709,4,test,4c1dcdf524affaa5,23883,0
GridSybil_0709,4,test,766a3886cdb8f649,11817,0
GridSybil_0709,4,test,c05549218ee2b2f1,12477,0
GridSybil_0709,4,test,d7173ce2379ec872,23457,0
GridSybil_0709,4,test,f62e778360910845,23085,0
GridSybil_0709,4,test,9afe35ab7bbf8d16,23805,0
GridSybil_0709,4,test,b5355bd1789c0dc8,24087,0
GridSybil_0709,4,test,8d795f01ec9eb414,11037,0
GridSybil_0709,4,test,27781924688026ed,23163,0
GridSybil_0709,4,test,2f3d42fb81166533,21669,0
GridSybil_0709,4,test,ba412b49a5b5a8d8,22905,0
GridSybil_0709,4,test,15ea3f2acb628a58,10989,0
GridSybil_0709,4,test,a88abd1d2ccd41f2,13197,0
GridSybil_0709,4,test,55b684a59d7b264b,23889,0
GridSybil_0709,4,test,296cd9bf6feaebb6,12747,0
GridSybil_0709,4,test,90a1e6439dffc802,22149,0
GridSybil_0709,4,test,d9c3de44de06565e,10923,0
GridSybil_0709,4,test,5ee2521d97974368,23685,0
GridSybil_0709,4,test,fa7a0731b356f1fb,11667,0
GridSybil_0709,4,test,6013c857f774c755,13041,0
GridSybil_0709,4,test,1a8cb719245ace04,10515,0
GridSybil_0709,4,test,56b2370daf303a76,22431,1
GridSybil_0709,4,test,c263559ba86c5c1e,10641,0
GridSybil_0709,4,test,a9d02e90f691609e,22125,0
GridSybil_0709,4,test,fc2eea4f71c4184e,21687,0
GridSybil_0709,4,test,0ef7584a99f30bc2,22101,0
GridSybil_0709,4,test,848c321571ea7fc2,11685,0
GridSybil_0709,4,test,ae515961804b8166,10995,1
GridSybil_0709,4,test,5192b7fe71158660,13065,0
GridSybil_0709,4,test,87a1aa2afd7b7d4f,11247,0
GridSybil_0709,4,test,7d1d268a90610e67,10515,0
GridSybil_0709,4,test,1f8e4707374dd54f,11127,0
GridSybil_0709,4,test,fb3d55e8dd4aff3a,10809,0
GridSybil_0709,4,test,52306d6b5d17aad7,24507,0
GridSybil_0709,4,test,ad66e40ee25df6bd,10437,0
GridSybil_0709,4,test,14d29d9017b18ac8,22227,0
GridSybil_0709,4,test,6e55761105c859b5,24363,0
GridSybil_0709,4,test,c81b6ea75e5b7154,13059,0
GridSybil_0709,4,test,b41228b9a5a5c84f,12261,0
GridSybil_0709,4,test,a0579358626aa40f,24459,0
GridSybil_0709,4,test,38451f1abd54f878,11679,0
GridSybil_0709,4,test,ffc92ceaca439b16,11283,0
GridSybil_0709,4,test,8ae6d205f0e91056,23979,0
GridSybil_0709,4,test,658164ec9d4ef859,23781,0
GridSybil_0709,4,test,2afaf0703950d894,21369,0
GridSybil_0709,4,test,3e7ee76e1dcc8d05,24081,0
GridSybil_0709,4,test,8b571b7698e2b495,24447,0
GridSybil_0709,4,test,62a6f3e6d5bca286,12717,0
GridSybil_0709,4,test,e907812236b66d6e,11703,0
GridSybil_0709,4,test,f9b6056e3b2ca144,22419,0
GridSybil_0709,4,test,09133fc1692ea12b,24249,0
GridSybil_0709,4,test,7050a980a2349219,22449,0
GridSybil_0709,4,test,13b9a3a5b30381bc,22383,0
GridSybil_0709,4,test,8efebd02702731ab,23607,0
GridSybil_0709,4,test,40f71a22ba3925da,23505,0
GridSybil_0709,4,test,6b92ee84c11b9af8,23019,0
GridSybil_0709,4,test,16975edd06aee1c0,23127,0
GridSybil_0709,4,test,b02637a521121d21,10941,0
GridSybil_0709,4,test,f599195f26a53783,24039,0
GridSybil_0709,4,test,20affce185f07e5b,21825,0
GridSybil_0709,4,test,b5e991fa4e9170fe,11325,0
GridSybil_0709,4,test,ba14eeb3435ad488,23757,0
GridSybil_0709,4,test,0110a24067aa5432,22077,0
GridSybil_0709,4,test,af3009190826363f,22467,0
GridSybil_0709,4,test,9f1c5b091fd62587,13119,0
GridSybil_0709,4,test,30e8928008d5e8aa,24045,0
GridSybil_0709,4,test,86cefab4faf2a5f1,12579,0
GridSybil_0709,4,test,c4faa4caec17bae2,12699,0
GridSybil_0709,4,test,fa216186219c4610,10479,0
GridSybil_0709,4,test,8c52ac5028bc4199,12669,0
GridSybil_0709,4,test,07986f82cd01c012,22989,0
GridSybil_0709,4,test,670d673f482599df,24381,0
GridSybil_0709,4,test,447141945f1c4c83,11721,0
GridSybil_0709,4,test,4f80533cd58b311f,23763,0
GridSybil_0709,4,test,1e829723454f3bf2,12627,0
GridSybil_0709,4,test,228f33c4bbd8e1a6,22527,0
GridSybil_0709,4,test,61c8a36b74ae6258,10515,0
GridSybil_0709,4,test,47402a7e06e57e11,22641,0
GridSybil_0709,4,test,de0b610f4d06e7e5,12183,0
GridSybil_0709,4,test,68793abc7a27fce9,23247,0
GridSybil_0709,4,test,d742009c628c92d3,12507,0
GridSybil_0709,4,test,3585d57e7c48589c,12813,1
GridSybil_0709,4,test,37e9735a19d8aa1a,24261,0
GridSybil_0709,4,test,69ae637cddc0343c,23937,0
GridSybil_0709,4,test,7721c4f4aaa49891,23403,0
GridSybil_0709,4,test,1865a1d6c8aecf8b,21663,0
GridSybil_0709,4,test,51fd64fca457f461,22917,0
GridSybil_0709,4,test,57f25d6fc7d42455,23637,0
GridSybil_0709,4,test,ea880eee6214fa62,24339,0
GridSybil_0709,4,test,512556ca508fac76,13101,0
GridSybil_0709,4,test,883c753e5684dd7c,22239,0
GridSybil_0709,4,test,af2207ab0856ffab,21705,0
GridSybil_0709,4,test,08570b5abe391e20,11421,0
GridSybil_0709,4,test,8c197b3e78f14194,22119,0
GridSybil_0709,4,test,56aded328184ec9f,12279,0
GridSybil_0709,4,test,840bd7189465fffe,23037,0
GridSybil_0709,4,test,0f59930c993bf8b9,11499,0
GridSybil_0709,4,test,ad91795dd3862304,12267,0
GridSybil_0709,4,test,cb58fe94cf2cf4e6,12363,0
GridSybil_0709,4,test,2db91e197540f4d3,21723,0
GridSybil_0709,4,test,5da8880487137bd9,24357,0
GridSybil_0709,4,test,cdf6e9159fc1f5b5,12957,0
GridSybil_0709,4,test,53e87a1fb0abd78f,10461,0
GridSybil_0709,4,test,e84c21209fc4a744,11109,0
GridSybil_0709,4,test,6eb2c32b193e9214,11967,0
GridSybil_0709,4,test,63917132cf92de29,22437,0
GridSybil_0709,4,test,cc0940451903154e,13107,0
GridSybil_0709,4,test,0d93ed2d7e48d759,23847,0
GridSybil_0709,4,test,ae077013e4059d1a,13161,0
GridSybil_0709,4,test,144ab8d736369c21,21345,0
GridSybil_0709,4,test,98369bdab18155b8,23157,0
GridSybil_0709,4,test,e56b46ee58ed1a43,12201,0
